path;module
C:\Projects\VSS\Typhoon22\ANALYTIC FORMS&REPORTS;ufAnalysisPrice.pas
C:\Projects\VSS\Typhoon22\ANALYTIC FORMS&REPORTS;ufBonusCalc_A.pas
C:\Projects\VSS\Typhoon22\ANALYTIC FORMS&REPORTS;ufDistribGoods.pas
C:\Projects\VSS\Typhoon22\ANALYTIC FORMS&REPORTS;ufDogMove.pas
C:\Projects\VSS\Typhoon22\ANALYTIC FORMS&REPORTS;ufFSProps.pas
C:\Projects\VSS\Typhoon22\ANALYTIC FORMS&REPORTS;ufFineBonus.pas
C:\Projects\VSS\Typhoon22\ANALYTIC FORMS&REPORTS;ufReserveZapas_Edit.pas
C:\Projects\VSS\Typhoon22\ANALYTIC FORMS&REPORTS;ufReserveZapas_Jornal.pas
C:\Projects\VSS\Typhoon22\ANALYTIC FORMS&REPORTS;ufSaldoMove.pas
C:\Projects\VSS\Typhoon22\ANALYTIC FORMS&REPORTS;ufSelectGroups.pas
C:\Projects\VSS\Typhoon22\ANALYTIC FORMS&REPORTS;ufSelectedGroups.pas
C:\Projects\VSS\Typhoon22\Arenda;ufArdBordereau.pas
C:\Projects\VSS\Typhoon22\Arenda;ufArdBordereauEdit.pas
C:\Projects\VSS\Typhoon22\Arenda;ufArendaCalcProfit_Edit.pas
C:\Projects\VSS\Typhoon22\Arenda;ufArendaCalcProfit_Jornal.pas
C:\Projects\VSS\Typhoon22\Arenda;ufArendaDogovors_Edit.pas
C:\Projects\VSS\Typhoon22\Arenda;ufArendaDogovors_Jornal.pas
C:\Projects\VSS\Typhoon22\Arenda;ufArendaObjects_DsgEdit.pas
C:\Projects\VSS\Typhoon22\Arenda;ufArendaObjects_Edit.pas
C:\Projects\VSS\Typhoon22\Arenda;ufArendaObjects_Jornal.pas
C:\Projects\VSS\Typhoon22\Arenda;ufArendaZatrats_Edit.pas
C:\Projects\VSS\Typhoon22\Arenda;ufArendaZatrats_Jornal.pas
C:\Projects\VSS\Typhoon22\Arenda;ufArenda_Dictionaries.pas
C:\Projects\VSS\Typhoon22\Arenda;ufDateToEditor.pas
C:\Projects\VSS\Typhoon22\Arenda;ufSetSumm.pas
C:\Projects\VSS\Typhoon22\Arenda;uftdParamEdit.pas
C:\Projects\VSS\Typhoon22\BANKRECORD\bimp\RemObjects\import;uPSI_bimp_dbf_utils.pas
C:\Projects\VSS\Typhoon22\BANKRECORD\bimp\RemObjects\import;uPSI_bimp_error_dialog_form.pas
C:\Projects\VSS\Typhoon22\BANKRECORD\bimp\RemObjects\import;uPSI_bimp_script_utils.pas
C:\Projects\VSS\Typhoon22\BANKRECORD\bimp\RemObjects\import;uPSI_bimp_text2txt.pas
C:\Projects\VSS\Typhoon22\BANKRECORD\bimp\RemObjects\import;uPSI_bimp_text_finder.pas
C:\Projects\VSS\Typhoon22\BANKRECORD\bimp\RemObjects\import;uPSI_uCSVConverter.pas
C:\Projects\VSS\Typhoon22\BANKRECORD\bimp\RemObjects\import;uPSI_uTXTConverter.pas
C:\Projects\VSS\Typhoon22\BANKRECORD\bimp\RemObjects\import;uPSI_uXLSConverter.pas
C:\Projects\VSS\Typhoon22\BANKRECORD\bimp\RemObjects\import;uPSI_uXMLConverter.pas
C:\Projects\VSS\Typhoon22\BANKRECORD\bimp\RemObjects\pas;bimp_dbf_utils.pas
C:\Projects\VSS\Typhoon22\BANKRECORD\bimp\RemObjects\pas;bimp_error_dialog_form.pas
C:\Projects\VSS\Typhoon22\BANKRECORD\bimp\RemObjects\pas;bimp_script_utils.pas
C:\Projects\VSS\Typhoon22\BANKRECORD\bimp\RemObjects\pas;bimp_text2txt.pas
C:\Projects\VSS\Typhoon22\BANKRECORD\bimp\RemObjects\pas;bimp_text_finder.pas
C:\Projects\VSS\Typhoon22\BANKRECORD\bimp\RemObjects\pas;uCSVConverter.pas
C:\Projects\VSS\Typhoon22\BANKRECORD\bimp\RemObjects\pas;uTXTConverter.pas
C:\Projects\VSS\Typhoon22\BANKRECORD\bimp\RemObjects\pas;uXLSConverter.pas
C:\Projects\VSS\Typhoon22\BANKRECORD\bimp\RemObjects\pas;uXMLConverter.pas
C:\Projects\VSS\Typhoon22\BANKRECORD\bimp;bimp_dbf_utils.pas
C:\Projects\VSS\Typhoon22\BANKRECORD\bimp;bimp_dmora.pas
C:\Projects\VSS\Typhoon22\BANKRECORD\bimp;bimp_error_dialog_form.pas
C:\Projects\VSS\Typhoon22\BANKRECORD\bimp;bimp_main_form.pas
C:\Projects\VSS\Typhoon22\BANKRECORD\bimp;bimp_ostatki.pas
C:\Projects\VSS\Typhoon22\BANKRECORD\bimp;bimp_regexp_finder.pas
C:\Projects\VSS\Typhoon22\BANKRECORD\bimp;bimp_script_utils.pas
C:\Projects\VSS\Typhoon22\BANKRECORD\bimp;bimp_text2txt.pas
C:\Projects\VSS\Typhoon22\BANKRECORD\bimp;bimp_text_finder.pas
C:\Projects\VSS\Typhoon22\BANKRECORD\bimp;uCSVConverter.pas
C:\Projects\VSS\Typhoon22\BANKRECORD\bimp;uTXTConverter.pas
C:\Projects\VSS\Typhoon22\BANKRECORD\bimp;uXLSConverter.pas
C:\Projects\VSS\Typhoon22\BANKRECORD\bimp;uXMLConverter.pas
C:\Projects\VSS\Typhoon22\BANKRECORD;ufBankImportFilter.pas
C:\Projects\VSS\Typhoon22\BANKRECORD;ufBankListJornal.pas
C:\Projects\VSS\Typhoon22\BANKRECORD;ufBankOKPORules.pas
C:\Projects\VSS\Typhoon22\BANKRECORD;ufBankRecEdit.pas
C:\Projects\VSS\Typhoon22\BANKRECORD;ufBankRecordNew.pas
C:\Projects\VSS\Typhoon22\BANKRECORD;ufTraceCopyProp.pas
C:\Projects\VSS\Typhoon22\BANKRECORD;ufTraceEdit.pas
C:\Projects\VSS\Typhoon22\BANKRECORD;ufTraceLimit.pas
C:\Projects\VSS\Typhoon22\BANKRECORD;ufTraceList.pas
C:\Projects\VSS\Typhoon22\BANKRECORD;ufTracePayInfo.pas
C:\Projects\VSS\Typhoon22\BANKRECORD;ufTracePeriod.pas
C:\Projects\VSS\Typhoon22\Billing;UfBilling_files.pas
C:\Projects\VSS\Typhoon22\Billing;ufBilling_Dials_J.pas
C:\Projects\VSS\Typhoon22\Billing;ufBilling_Dict.pas
C:\Projects\VSS\Typhoon22\BudCapInv;ufBudCapInvDet.pas
C:\Projects\VSS\Typhoon22\BudCapInv;ufBudCapInvDetLink.pas
C:\Projects\VSS\Typhoon22\BudCapInv;ufBudCapInvObjList.pas
C:\Projects\VSS\Typhoon22\BudCapInv;ufBudCapInvProj.pas
C:\Projects\VSS\Typhoon22\BudCapInv;ufBudCapInvProjList.pas
C:\Projects\VSS\Typhoon22;Cashutil.pas
C:\Projects\VSS\Typhoon22\Commercial_Premises;ufCommPremList.pas
C:\Projects\VSS\Typhoon22\Commercial_Premises;ufCommPremListGraph.pas
C:\Projects\VSS\Typhoon22\Commercial_Premises;ufCommPremList_Admin.pas
C:\Projects\VSS\Typhoon22\Commercial_Premises;ufCommPremList_Edit.pas
C:\Projects\VSS\Typhoon22\Commercial_Premises;ufCommPremList_HistPropEdit.pas
C:\Projects\VSS\Typhoon22\Commercial_Premises;ufCommPremList_SquareEdit.pas
C:\Projects\VSS\Typhoon22\Commercial_Premises;ufCommPremNodeProp.pas
C:\Projects\VSS\Typhoon22\DATA;uDmMain.pas
C:\Projects\VSS\Typhoon22\DATA;uDmSession.pas
C:\Projects\VSS\Typhoon22\DATA;uDmShipment.pas
C:\Projects\VSS\Typhoon22\DATA;uDmTrucks.pas
C:\Projects\VSS\Typhoon22\DATA;ufLogonForm.pas
C:\Projects\VSS\Typhoon22\Deposit;ufCreditResult.pas
C:\Projects\VSS\Typhoon22\Deposit;ufDepositPay.pas
C:\Projects\VSS\Typhoon22\Deposit;ufInsurPay.pas
C:\Projects\VSS\Typhoon22\Deposit;ufSocResult.pas
C:\Projects\VSS\Typhoon22\EMPL_FORM;ufAppend_Kontr_LS.pas
C:\Projects\VSS\Typhoon22\EMPL_FORM;ufCommand.pas
C:\Projects\VSS\Typhoon22\EMPL_FORM;ufCommandsList.pas
C:\Projects\VSS\Typhoon22\EMPL_FORM;ufDialogReportDate.pas
C:\Projects\VSS\Typhoon22\EMPL_FORM;ufDialogReportPeriod.pas
C:\Projects\VSS\Typhoon22\EMPL_FORM;ufDialogShopParm.pas
C:\Projects\VSS\Typhoon22\EMPL_FORM;ufDischarge.pas
C:\Projects\VSS\Typhoon22\EMPL_FORM;ufEQUIPMENT.pas
C:\Projects\VSS\Typhoon22\EMPL_FORM;ufEmpReference.pas
C:\Projects\VSS\Typhoon22\EMPL_FORM;ufEmplDischarge.pas
C:\Projects\VSS\Typhoon22\EMPL_FORM;ufEmplEditNew.pas
C:\Projects\VSS\Typhoon22\EMPL_FORM;ufEmplRequestList.pas
C:\Projects\VSS\Typhoon22\EMPL_FORM;ufEmpl_Bonus.pas
C:\Projects\VSS\Typhoon22\EMPL_FORM;ufEmpl_Request.pas
C:\Projects\VSS\Typhoon22\EMPL_FORM;ufEmpl_copy_dialog.pas
C:\Projects\VSS\Typhoon22\EMPL_FORM;ufEmployeesList.pas
C:\Projects\VSS\Typhoon22\EMPL_FORM;ufManningTable.pas
C:\Projects\VSS\Typhoon22\EMPL_FORM;ufObjEmp.pas
C:\Projects\VSS\Typhoon22\EMPL_FORM;ufObjEmpSet.pas
C:\Projects\VSS\Typhoon22\EMPL_FORM;ufObjEval.pas
C:\Projects\VSS\Typhoon22\EMPL_FORM;ufObjExpWeight.pas
C:\Projects\VSS\Typhoon22\EMPL_FORM;ufObjExpertSet.pas
C:\Projects\VSS\Typhoon22\EMPL_FORM;ufObjForDays.pas
C:\Projects\VSS\Typhoon22\EMPL_FORM;ufObjList.pas
C:\Projects\VSS\Typhoon22\EMPL_FORM;ufObjPropHistory.pas
C:\Projects\VSS\Typhoon22\EMPL_FORM;ufObjStSetEdit.pas
C:\Projects\VSS\Typhoon22\EMPL_FORM;ufObjValList.pas
C:\Projects\VSS\Typhoon22\EMPL_FORM;ufObjectEdit.pas
C:\Projects\VSS\Typhoon22\EMPL_FORM;ufObjectInfo.pas
C:\Projects\VSS\Typhoon22\EMPL_FORM;ufObjectKPIEdit.pas
C:\Projects\VSS\Typhoon22\EMPL_FORM;ufObjectSetEdit.pas
C:\Projects\VSS\Typhoon22\EMPL_FORM;ufObjectStEdit.pas
C:\Projects\VSS\Typhoon22\EMPL_FORM;ufPersComList.pas
C:\Projects\VSS\Typhoon22\EMPL_FORM;ufPersonCommand.pas
C:\Projects\VSS\Typhoon22\EMPL_FORM;ufPhoneEdit.pas
C:\Projects\VSS\Typhoon22\EMPL_FORM;ufPhonesList.pas
C:\Projects\VSS\Typhoon22\EMPL_FORM;ufSPCalc.pas
C:\Projects\VSS\Typhoon22\EMPL_FORM;ufSR_FS_POST_Edit.pas
C:\Projects\VSS\Typhoon22\EMPL_FORM;ufSocialProgr.pas
C:\Projects\VSS\Typhoon22\EMPL_FORM;ufSocialProgrList.pas
C:\Projects\VSS\Typhoon22\EMPL_FORM;ufVacancyList.pas
C:\Projects\VSS\Typhoon22\EMPL_FORM;ufVacancyList12.pas
C:\Projects\VSS\Typhoon22\FO;ufAccountRateEdit.pas
C:\Projects\VSS\Typhoon22\FO;ufCurrencyAccountRate.pas
C:\Projects\VSS\Typhoon22\FO;ufCurrencyCoef.pas
C:\Projects\VSS\Typhoon22\FO;ufCurrencyCoefEdit.pas
C:\Projects\VSS\Typhoon22\FO;ufCurrencyRate.pas
C:\Projects\VSS\Typhoon22\FO;ufCurrencyRateEdit.pas
C:\Projects\VSS\Typhoon22\FO;ufGoodsRate.pas
C:\Projects\VSS\Typhoon22\FO;ufGoodsRateEdit.pas
C:\Projects\VSS\Typhoon22\FO;ufGoodsRateGrid.pas
C:\Projects\VSS\Typhoon22\FO;ufShowGoodsRate.pas
C:\Projects\VSS\Typhoon22\FO;ufTariffScale.pas
C:\Projects\VSS\Typhoon22\FO;ufTransferCoef.pas
C:\Projects\VSS\Typhoon22\FO;ufTransferEdit.pas
C:\Projects\VSS\Typhoon22\LG;uCommonLG.pas
C:\Projects\VSS\Typhoon22\LG;uLGRequestIntf.pas
C:\Projects\VSS\Typhoon22\LG;ufEditRequestZT.pas
C:\Projects\VSS\Typhoon22\LG;ufLGActualZatratJournal.pas
C:\Projects\VSS\Typhoon22\LG;ufLGAnalysis.pas
C:\Projects\VSS\Typhoon22\LG;ufLGControlReqest.pas
C:\Projects\VSS\Typhoon22\LG;ufLGCorrection_Edit.pas
C:\Projects\VSS\Typhoon22\LG;ufLGCorrection_Jornal.pas
C:\Projects\VSS\Typhoon22\LG;ufLGDigression.pas
C:\Projects\VSS\Typhoon22\LG;ufLGDistributions.pas
C:\Projects\VSS\Typhoon22\LG;ufLGDistributionsDocs.pas
C:\Projects\VSS\Typhoon22\LG;ufLGDistributionsFDoc.pas
C:\Projects\VSS\Typhoon22\LG;ufLGDistributionsRests.pas
C:\Projects\VSS\Typhoon22\LG;ufLGLinkEditor.pas
C:\Projects\VSS\Typhoon22\LG;ufLGPrintDoc.pas
C:\Projects\VSS\Typhoon22\LG;ufLGReqtJrnlSelectDialog.pas
C:\Projects\VSS\Typhoon22\LG;ufLGRequest.pas
C:\Projects\VSS\Typhoon22\LG;ufLGRequestExt.pas
C:\Projects\VSS\Typhoon22\LG;ufLGRequestGoodsHistory.pas
C:\Projects\VSS\Typhoon22\LG;ufLGRequestGoodsHistory_Edit.pas
C:\Projects\VSS\Typhoon22\LG;ufLGRequestGoodsLink.pas
C:\Projects\VSS\Typhoon22\LG;ufLGRequestJournal.pas
C:\Projects\VSS\Typhoon22\LG;ufLGZTMain.pas
C:\Projects\VSS\Typhoon22\LG;ufLGZTManageZatrats.pas
C:\Projects\VSS\Typhoon22\LG;ufLGZTTransportEdit.pas
C:\Projects\VSS\Typhoon22\LG;ufLGZTTransportZatrats.pas
C:\Projects\VSS\Typhoon22\LG;ufLGZTZatratEdit.pas
C:\Projects\VSS\Typhoon22\LG;ufLG_RepTZR.pas
C:\Projects\VSS\Typhoon22\LG;ufLinkLGtoOrder.pas
C:\Projects\VSS\Typhoon22\LG;ufLinkLGtoOrderGrid.pas
C:\Projects\VSS\Typhoon22\Library;udmLibMain.pas
C:\Projects\VSS\Typhoon22\Library;ufLibraryJrnl.pas
C:\Projects\VSS\Typhoon22\Library;ufLibraryTypes.pas
C:\Projects\VSS\Typhoon22\Library;ufMediaEdit.pas
C:\Projects\VSS\Typhoon22\MONEYORDERS;ufMO_BlockedPeriod_Edit.pas
C:\Projects\VSS\Typhoon22\MONEYORDERS;ufMO_BlockedPeriods.pas
C:\Projects\VSS\Typhoon22\MONEYORDERS;ufMO_DocPrint.pas
C:\Projects\VSS\Typhoon22\MONEYORDERS;ufMO_Pivot.pas
C:\Projects\VSS\Typhoon22\MONEYORDERS;ufMO_TransferToDate.pas
C:\Projects\VSS\Typhoon22\MONEYORDERS;ufMO_Wizard.pas
C:\Projects\VSS\Typhoon22\MONEYORDERS;ufMoneyOrder.pas
C:\Projects\VSS\Typhoon22\MotivationPKI;ufKPI_BBFact_Edit.pas
C:\Projects\VSS\Typhoon22\MotivationPKI;ufKPI_BBFact_Jornal.pas
C:\Projects\VSS\Typhoon22\MotivationPKI;ufKPI_Diagram.pas
C:\Projects\VSS\Typhoon22\MotivationPKI;ufKPI_Dictionary.pas
C:\Projects\VSS\Typhoon22\MotivationPKI;ufKPI_Period_Edit.pas
C:\Projects\VSS\Typhoon22\MotivationPKI;ufKPI_Period_Jornal.pas
C:\Projects\VSS\Typhoon22\MotivationPKI;ufKPI_SelectEmpl.pas
C:\Projects\VSS\Typhoon22\MotivationPKI;ufKPI_SumOfBonusMark.pas
C:\Projects\VSS\Typhoon22\MotivationPKI;ufKPI_SumOfPKI.pas
C:\Projects\VSS\Typhoon22\Motivation;ufMotZp_AnketSecretBuy_Edit.pas
C:\Projects\VSS\Typhoon22\Motivation;ufMotZp_AnketSecretBuy_Jornal.pas
C:\Projects\VSS\Typhoon22\Motivation;ufMotZp_Dictionary.pas
C:\Projects\VSS\Typhoon22\Motivation;ufMotZp_Documents.pas
C:\Projects\VSS\Typhoon22\Motivation;ufMotZp_InputMemo.pas
C:\Projects\VSS\Typhoon22\Motivation;ufMotZp_KindScale.pas
C:\Projects\VSS\Typhoon22\Motivation;ufMotZp_KindScale_Edit.pas
C:\Projects\VSS\Typhoon22\Motivation;ufMotZp_ListCalc.pas
C:\Projects\VSS\Typhoon22\Motivation;ufMotZp_ListCalc_Edit.pas
C:\Projects\VSS\Typhoon22\Motivation;ufMotZp_LoaderFromASBU.pas
C:\Projects\VSS\Typhoon22\Motivation;ufMotZp_LoaderFromASBU_Log.pas
C:\Projects\VSS\Typhoon22\Motivation;ufMotZp_LogImport.pas
C:\Projects\VSS\Typhoon22\Motivation;ufMotZp_LogImport1C.pas
C:\Projects\VSS\Typhoon22\Motivation;ufMotZp_LogImportBudget.pas
C:\Projects\VSS\Typhoon22\Motivation;ufMotZp_MagDepartment.pas
C:\Projects\VSS\Typhoon22\Motivation;ufMotZp_MagDepartment_Edit.pas
C:\Projects\VSS\Typhoon22\Motivation;ufMotZp_MagSegment.pas
C:\Projects\VSS\Typhoon22\Motivation;ufMotZp_MagSegment_Edit.pas
C:\Projects\VSS\Typhoon22\Motivation;ufMotZp_NonBusinessDay.pas
C:\Projects\VSS\Typhoon22\Motivation;ufMotZp_NonBusinessDay_Edit.pas
C:\Projects\VSS\Typhoon22\Motivation;ufMotZp_PlanFactSale.pas
C:\Projects\VSS\Typhoon22\Motivation;ufMotZp_PlanFactSale_Edit.pas
C:\Projects\VSS\Typhoon22\Motivation;ufMotZp_RateMag.pas
C:\Projects\VSS\Typhoon22\Motivation;ufMotZp_RateMagBasic.pas
C:\Projects\VSS\Typhoon22\Motivation;ufMotZp_RateMagBasic_Edit.pas
C:\Projects\VSS\Typhoon22\Motivation;ufMotZp_RateMag_ChangePost.pas
C:\Projects\VSS\Typhoon22\Motivation;ufMotZp_RateMag_Edit.pas
C:\Projects\VSS\Typhoon22\Motivation;ufMotZp_SaleKassir.pas
C:\Projects\VSS\Typhoon22\OLE;uWbDispInt.pas
C:\Projects\VSS\Typhoon22\OS;udmOS.pas
C:\Projects\VSS\Typhoon22\OS;ufFileArhive.pas
C:\Projects\VSS\Typhoon22\OS;ufOCapitalInvest_Edit.pas
C:\Projects\VSS\Typhoon22\OS;ufOCapitalInvest_Jornal.pas
C:\Projects\VSS\Typhoon22\OS;ufOSEdit.pas
C:\Projects\VSS\Typhoon22\OS;ufOS_IMOVINGS_Edit.pas
C:\Projects\VSS\Typhoon22\OS;ufOS_IMOVINGS_Jornal.pas
C:\Projects\VSS\Typhoon22\OS;ufOS_List.pas
C:\Projects\VSS\Typhoon22\OS;ufOS_SelectOS.pas
C:\Projects\VSS\Typhoon22\OS;ufOsMove.pas
C:\Projects\VSS\Typhoon22\OS;ufOsRest.pas
C:\Projects\VSS\Typhoon22\OS;ufOsWearEdit.pas
C:\Projects\VSS\Typhoon22\OS;ufOsWearList.pas
C:\Projects\VSS\Typhoon22\OTHERS;uActionsUtils_others.pas
C:\Projects\VSS\Typhoon22\OTHERS;uKaft_dlg.pas
C:\Projects\VSS\Typhoon22\OTHERS;uKaft_tbl_ie_okpo2kontragent.pas
C:\Projects\VSS\Typhoon22\OTHERS;uKaft_tbl_ie_oper1c2tarif.pas
C:\Projects\VSS\Typhoon22\OTHERS;u_conv_csv.pas
C:\Projects\VSS\Typhoon22\OTHERS;u_conv_cust.pas
C:\Projects\VSS\Typhoon22\OTHERS;u_conv_xls.pas
C:\Projects\VSS\Typhoon22\OTHERS;u_exp_ivafarm.pas
C:\Projects\VSS\Typhoon22\OTHERS;u_imp_ecod.pas
C:\Projects\VSS\Typhoon22\OTHERS;u_imp_ecod_goods.pas
C:\Projects\VSS\Typhoon22\OTHERS;u_imp_ecod_xml.pas
C:\Projects\VSS\Typhoon22\OTHERS;ufAdminMsg.pas
C:\Projects\VSS\Typhoon22\OTHERS;ufAutomatFotoSale.pas
C:\Projects\VSS\Typhoon22\OTHERS;ufAutomatIT.pas
C:\Projects\VSS\Typhoon22\OTHERS;ufAutomatNORaspr.pas
C:\Projects\VSS\Typhoon22\OTHERS;ufAutomatReturn.pas
C:\Projects\VSS\Typhoon22\OTHERS;ufBeznalEditRule.pas
C:\Projects\VSS\Typhoon22\OTHERS;ufBudOpl.pas
C:\Projects\VSS\Typhoon22\OTHERS;ufBudOplCopy.pas
C:\Projects\VSS\Typhoon22\OTHERS;ufBudOplEdit.pas
C:\Projects\VSS\Typhoon22\OTHERS;ufBudOplFromDoc.pas
C:\Projects\VSS\Typhoon22\OTHERS;ufBudOplVer.pas
C:\Projects\VSS\Typhoon22\OTHERS;ufChPriceGroupProc.pas
C:\Projects\VSS\Typhoon22\OTHERS;ufCheckKontrRest.pas
C:\Projects\VSS\Typhoon22\OTHERS;ufClientList.pas
C:\Projects\VSS\Typhoon22\OTHERS;ufCloseBusPeriod.pas
C:\Projects\VSS\Typhoon22\OTHERS;ufCommunications_Dict.pas
C:\Projects\VSS\Typhoon22\OTHERS;ufCommunications_Dict_Edit.pas
C:\Projects\VSS\Typhoon22\OTHERS;ufCommunications_Edit.pas
C:\Projects\VSS\Typhoon22\OTHERS;ufCommunications_Jornal.pas
C:\Projects\VSS\Typhoon22\OTHERS;ufConsRuleEdit.pas
C:\Projects\VSS\Typhoon22\OTHERS;ufConsRuleGroups.pas
C:\Projects\VSS\Typhoon22\OTHERS;ufConsRuleJournal.pas
C:\Projects\VSS\Typhoon22\OTHERS;ufConsruleSel_Edit.pas
C:\Projects\VSS\Typhoon22\OTHERS;ufConsruleSel_Jornal.pas
C:\Projects\VSS\Typhoon22\OTHERS;ufCopyContactsKontr.pas
C:\Projects\VSS\Typhoon22\OTHERS;ufCostToExcel.pas
C:\Projects\VSS\Typhoon22\OTHERS;ufCrRequestEdit.pas
C:\Projects\VSS\Typhoon22\OTHERS;ufCrRequests.pas
C:\Projects\VSS\Typhoon22\OTHERS;ufCreateKontrNew.pas
C:\Projects\VSS\Typhoon22\OTHERS;ufCredit_Capital.pas
C:\Projects\VSS\Typhoon22\OTHERS;ufCredit_Capital_Edit.pas
C:\Projects\VSS\Typhoon22\OTHERS;ufDbMailEdit.pas
C:\Projects\VSS\Typhoon22\OTHERS;ufDbMailList.pas
C:\Projects\VSS\Typhoon22\OTHERS;ufDeliveryDictionary.pas
C:\Projects\VSS\Typhoon22\OTHERS;ufDocListSetting.pas
C:\Projects\VSS\Typhoon22\OTHERS;ufDogCloseWizard.pas
C:\Projects\VSS\Typhoon22\OTHERS;ufDogCurLimit.pas
C:\Projects\VSS\Typhoon22\OTHERS;ufDogDateSucceed.pas
C:\Projects\VSS\Typhoon22\OTHERS;ufDogList.pas
C:\Projects\VSS\Typhoon22\OTHERS;ufDogMetroEdit.pas
C:\Projects\VSS\Typhoon22\OTHERS;ufDogMetroList.pas
C:\Projects\VSS\Typhoon22\OTHERS;ufDogPropHistory.pas
C:\Projects\VSS\Typhoon22\OTHERS;ufDogProvCredit.pas
C:\Projects\VSS\Typhoon22\OTHERS;ufDogSaldoDistribution.pas
C:\Projects\VSS\Typhoon22\OTHERS;ufDogWizard.pas
C:\Projects\VSS\Typhoon22\OTHERS;ufEditDogRole.pas
C:\Projects\VSS\Typhoon22\OTHERS;ufEdit_Cred_Prov.pas
C:\Projects\VSS\Typhoon22\OTHERS;ufGoodsCert.pas
C:\Projects\VSS\Typhoon22\OTHERS;ufGoodsGrExtraFS.pas
C:\Projects\VSS\Typhoon22\OTHERS;ufGoodsNotes.pas
C:\Projects\VSS\Typhoon22\OTHERS;ufGoodsReservEdit.pas
C:\Projects\VSS\Typhoon22\OTHERS;ufGoodsWarranty.pas
C:\Projects\VSS\Typhoon22\OTHERS;ufGroupActionError.pas
C:\Projects\VSS\Typhoon22\OTHERS;ufGroupActions.pas
C:\Projects\VSS\Typhoon22\OTHERS;ufGroupBrandExp.pas
C:\Projects\VSS\Typhoon22\OTHERS;ufGroupBrandExtra.pas
C:\Projects\VSS\Typhoon22\OTHERS;ufGroupFs.pas
C:\Projects\VSS\Typhoon22\OTHERS;ufGroupNac.pas
C:\Projects\VSS\Typhoon22\OTHERS;ufISTrans.pas
C:\Projects\VSS\Typhoon22\OTHERS;ufISTransCalculator.pas
C:\Projects\VSS\Typhoon22\OTHERS;ufISTransJournal.pas
C:\Projects\VSS\Typhoon22\OTHERS;ufImpAvtErrorPrice.pas
C:\Projects\VSS\Typhoon22\OTHERS;ufImpAvtKontr.pas
C:\Projects\VSS\Typhoon22\OTHERS;ufImpOrders.pas
C:\Projects\VSS\Typhoon22\OTHERS;ufImpRasprRash.pas
C:\Projects\VSS\Typhoon22\OTHERS;ufImportFromExcelWizard.pas
C:\Projects\VSS\Typhoon22\OTHERS;ufImportOdessaDocs.pas
C:\Projects\VSS\Typhoon22\OTHERS;ufImportPictureForGoods.pas
C:\Projects\VSS\Typhoon22\OTHERS;ufInputSpec.pas
C:\Projects\VSS\Typhoon22\OTHERS;ufInternalShipment.pas
C:\Projects\VSS\Typhoon22\OTHERS;ufInternalShipmentCreateDelivery.pas
C:\Projects\VSS\Typhoon22\OTHERS;ufInternalShipmentFilter.pas
C:\Projects\VSS\Typhoon22\OTHERS;ufInternalShipmentInformation.pas
C:\Projects\VSS\Typhoon22\OTHERS;ufInvAct.pas
C:\Projects\VSS\Typhoon22\OTHERS;ufInvActJournal.pas
C:\Projects\VSS\Typhoon22\OTHERS;ufInvActPeresort.pas
C:\Projects\VSS\Typhoon22\OTHERS;ufInventInfo.pas
C:\Projects\VSS\Typhoon22\OTHERS;ufKit.pas
C:\Projects\VSS\Typhoon22\OTHERS;ufKontrDogGrMetro.pas
C:\Projects\VSS\Typhoon22\OTHERS;ufKontrDogLimit.pas
C:\Projects\VSS\Typhoon22\OTHERS;ufKontrDogLimitLog.pas
C:\Projects\VSS\Typhoon22\OTHERS;ufKontrForImpAvt.pas
C:\Projects\VSS\Typhoon22\OTHERS;ufKontrStockPriority.pas
C:\Projects\VSS\Typhoon22\OTHERS;ufKred_Create_dog.pas
C:\Projects\VSS\Typhoon22\OTHERS;ufKred_Dep_j.pas
C:\Projects\VSS\Typhoon22\OTHERS;ufKred_Odmin.pas
C:\Projects\VSS\Typhoon22\OTHERS;ufKred_dep_Edit.pas
C:\Projects\VSS\Typhoon22\OTHERS;ufKred_hist_proc.pas
C:\Projects\VSS\Typhoon22\OTHERS;ufLS.pas
C:\Projects\VSS\Typhoon22\OTHERS;ufLSJournal.pas
C:\Projects\VSS\Typhoon22\OTHERS;ufLinkOutContragents.pas
C:\Projects\VSS\Typhoon22\OTHERS;ufLogGoodsRate.pas
C:\Projects\VSS\Typhoon22\OTHERS;ufLsRoles.pas
C:\Projects\VSS\Typhoon22\OTHERS;ufMagazineInfo.pas
C:\Projects\VSS\Typhoon22\OTHERS;ufMagazineReq.pas
C:\Projects\VSS\Typhoon22\OTHERS;ufMagazineReqList.pas
C:\Projects\VSS\Typhoon22\OTHERS;ufMake_doc_PDS.pas
C:\Projects\VSS\Typhoon22\OTHERS;ufMobImp.pas
C:\Projects\VSS\Typhoon22\OTHERS;ufMobKStar.pas
C:\Projects\VSS\Typhoon22\OTHERS;ufMobilPay.pas
C:\Projects\VSS\Typhoon22\OTHERS;ufMobilPayDet.pas
C:\Projects\VSS\Typhoon22\OTHERS;ufNerez_Dict.pas
C:\Projects\VSS\Typhoon22\OTHERS;ufNerez_Gen.pas
C:\Projects\VSS\Typhoon22\OTHERS;ufNoteEdit.pas
C:\Projects\VSS\Typhoon22\OTHERS;ufOrder_Reason.pas
C:\Projects\VSS\Typhoon22\OTHERS;ufOverValue.pas
C:\Projects\VSS\Typhoon22\OTHERS;ufOverestimationGoods.pas
C:\Projects\VSS\Typhoon22\OTHERS;ufOverestimationHOParams.pas
C:\Projects\VSS\Typhoon22\OTHERS;ufOverestimationJornal.pas
C:\Projects\VSS\Typhoon22\OTHERS;ufPDS_Sprav.pas
C:\Projects\VSS\Typhoon22\OTHERS;ufPalmSymbol.pas
C:\Projects\VSS\Typhoon22\OTHERS;ufPreviewPic.pas
C:\Projects\VSS\Typhoon22\OTHERS;ufProgress.pas
C:\Projects\VSS\Typhoon22\OTHERS;ufRBonus.pas
C:\Projects\VSS\Typhoon22\OTHERS;ufRBonusCrDoc.pas
C:\Projects\VSS\Typhoon22\OTHERS;ufRBonusJournal.pas
C:\Projects\VSS\Typhoon22\OTHERS;ufRBonusLGReqFact.pas
C:\Projects\VSS\Typhoon22\OTHERS;ufRBonusLGReqPlan.pas
C:\Projects\VSS\Typhoon22\OTHERS;ufRasprZatr.pas
C:\Projects\VSS\Typhoon22\OTHERS;ufRasprZatrList.pas
C:\Projects\VSS\Typhoon22\OTHERS;ufRecommendetRestGoods.pas
C:\Projects\VSS\Typhoon22\OTHERS;ufRecommendetRestGoodsConfig.pas
C:\Projects\VSS\Typhoon22\OTHERS;ufRecommendetRestGoods_Edit.pas
C:\Projects\VSS\Typhoon22\OTHERS;ufRecommendet_Rest.pas
C:\Projects\VSS\Typhoon22\OTHERS;ufRecommendet_Rest_Mon.pas
C:\Projects\VSS\Typhoon22\OTHERS;ufRemoteSessInfo.pas
C:\Projects\VSS\Typhoon22\OTHERS;ufRemoteStockKontr.pas
C:\Projects\VSS\Typhoon22\OTHERS;ufRemote_Sravn.pas
C:\Projects\VSS\Typhoon22\OTHERS;ufRemote_odmin.pas
C:\Projects\VSS\Typhoon22\OTHERS;ufReserveSK_Desc.pas
C:\Projects\VSS\Typhoon22\OTHERS;ufReserveSK_Edit.pas
C:\Projects\VSS\Typhoon22\OTHERS;ufReserveSK_Jornal.pas
C:\Projects\VSS\Typhoon22\OTHERS;ufReserveSK_Rests.pas
C:\Projects\VSS\Typhoon22\OTHERS;ufRoutePlan.pas
C:\Projects\VSS\Typhoon22\OTHERS;ufRoutePlanEdit.pas
C:\Projects\VSS\Typhoon22\OTHERS;ufRouteShipment_Edit.pas
C:\Projects\VSS\Typhoon22\OTHERS;ufRouteShipment_Jornal.pas
C:\Projects\VSS\Typhoon22\OTHERS;ufSDRJournal.pas
C:\Projects\VSS\Typhoon22\OTHERS;ufSR_EMPL_CAT_POST.pas
C:\Projects\VSS\Typhoon22\OTHERS;ufSR_FS_POST.pas
C:\Projects\VSS\Typhoon22\OTHERS;ufSZA.pas
C:\Projects\VSS\Typhoon22\OTHERS;ufSZAJournal.pas
C:\Projects\VSS\Typhoon22\OTHERS;ufSZAKons.pas
C:\Projects\VSS\Typhoon22\OTHERS;ufSZAKonsJournal.pas
C:\Projects\VSS\Typhoon22\OTHERS;ufSZAMakeDoc.pas
C:\Projects\VSS\Typhoon22\OTHERS;ufSelectBussinesAndPeriod.pas
C:\Projects\VSS\Typhoon22\OTHERS;ufSendPricesToExcel.pas
C:\Projects\VSS\Typhoon22\OTHERS;ufSertificat.pas
C:\Projects\VSS\Typhoon22\OTHERS;ufSertificatJournal.pas
C:\Projects\VSS\Typhoon22\OTHERS;ufSetRevision.pas
C:\Projects\VSS\Typhoon22\OTHERS;ufSetTrData.pas
C:\Projects\VSS\Typhoon22\OTHERS;ufShipment_Template.pas
C:\Projects\VSS\Typhoon22\OTHERS;ufShipment_Template_Edit.pas
C:\Projects\VSS\Typhoon22\OTHERS;ufShipment_Template_Edit_Delivery.pas
C:\Projects\VSS\Typhoon22\OTHERS;ufSplitRequestByStock.pas
C:\Projects\VSS\Typhoon22\OTHERS;ufSupplierOrder.pas
C:\Projects\VSS\Typhoon22\OTHERS;ufTaifSelect.pas
C:\Projects\VSS\Typhoon22\OTHERS;ufTarifEdit.pas
C:\Projects\VSS\Typhoon22\OTHERS;ufTarifs.pas
C:\Projects\VSS\Typhoon22\OTHERS;ufTaxServiceCostCalc.pas
C:\Projects\VSS\Typhoon22\OTHERS;ufTransNormative_Edit.pas
C:\Projects\VSS\Typhoon22\OTHERS;ufTransNormative_Jornal.pas
C:\Projects\VSS\Typhoon22\OTHERS;ufTransPartDebtIntoCurr.pas
C:\Projects\VSS\Typhoon22\OTHERS;ufUtilization_Edit.pas
C:\Projects\VSS\Typhoon22\OTHERS;ufUtilization_Jornal.pas
C:\Projects\VSS\Typhoon22\PODBOR\Dictionaries;uPBR_frmAppointments.pas
C:\Projects\VSS\Typhoon22\PODBOR\Dictionaries;uPBR_frmCustomers.pas
C:\Projects\VSS\Typhoon22\PODBOR\Dictionaries;uPBR_frmDictionaries.pas
C:\Projects\VSS\Typhoon22\PODBOR\Dictionaries;uPBR_frmExperts.pas
C:\Projects\VSS\Typhoon22\PODBOR\Reports;uPBR_dmReports.pas
C:\Projects\VSS\Typhoon22\PODBOR;uPBR_Common.pas
C:\Projects\VSS\Typhoon22\PODBOR;uPBR_DmMain.pas
C:\Projects\VSS\Typhoon22\PODBOR;uPBR_UtilFunctions.pas
C:\Projects\VSS\Typhoon22\PODBOR;uPBR_frmAppointments.pas
C:\Projects\VSS\Typhoon22\PODBOR;uPBR_frmCandidateEdit.pas
C:\Projects\VSS\Typhoon22\PODBOR;uPBR_frmCandidateFilter.pas
C:\Projects\VSS\Typhoon22\PODBOR;uPBR_frmCandidateSendMail.pas
C:\Projects\VSS\Typhoon22\PODBOR;uPBR_frmCandidates.pas
C:\Projects\VSS\Typhoon22\PODBOR;uPBR_frmPrintReports.pas
C:\Projects\VSS\Typhoon22\PODBOR;uPBR_frmProperties.pas
C:\Projects\VSS\Typhoon22\PODBOR;uPBR_frmRequestEdit.pas
C:\Projects\VSS\Typhoon22\PODBOR;uPBR_frmRequests.pas
C:\Projects\VSS\Typhoon22\PODBOR;uPBR_frmSelectCandidateProp.pas
C:\Projects\VSS\Typhoon22\PODBOR;uPBR_frmUserCalendar.pas
C:\Projects\VSS\Typhoon22\PODBOR;uPBR_frmUsers.pas
C:\Projects\VSS\Typhoon22\Productions;ufProduction.pas
C:\Projects\VSS\Typhoon22\Productions;ufProductionCost.pas
C:\Projects\VSS\Typhoon22\Productions;ufProductionCostJornal.pas
C:\Projects\VSS\Typhoon22\Productions;ufProductionCurrentState.pas
C:\Projects\VSS\Typhoon22\Productions;ufProductionJornal.pas
C:\Projects\VSS\Typhoon22\Productions;ufProductionJrnlSelectDialog.pas
C:\Projects\VSS\Typhoon22\Productions;ufProductionSpecGoods.pas
C:\Projects\VSS\Typhoon22\Productions;ufProductionSpecGoodsJornal.pas
C:\Projects\VSS\Typhoon22\Productions;ufProductionZatratJournal.pas
C:\Projects\VSS\Typhoon22\REMONT;ufRemontCard.pas
C:\Projects\VSS\Typhoon22\REMONT;ufRemontList.pas
C:\Projects\VSS\Typhoon22\REMONT;ufRemontLog.pas
C:\Projects\VSS\Typhoon22\REMONT;ufRemontPlaceMaster.pas
C:\Projects\VSS\Typhoon22\REMONT;ufRemontPreparetoPrint.pas
C:\Projects\VSS\Typhoon22\REMONT;ufRemontPrice.pas
C:\Projects\VSS\Typhoon22\REMONT;ufRemontPrintDoc.pas
C:\Projects\VSS\Typhoon22\REMONT;ufRemontRest.pas
C:\Projects\VSS\Typhoon22\REMONT;ufRemontSelectPlace.pas
C:\Projects\VSS\Typhoon22\REMONT;ufRemontSummDateEdit.pas
C:\Projects\VSS\Typhoon22\REPORTS;MyPrvDlg.pas
C:\Projects\VSS\Typhoon22\REPORTS;uDmAktSverki.pas
C:\Projects\VSS\Typhoon22\REPORTS;uDmDeliveryPriceList.pas
C:\Projects\VSS\Typhoon22\REPORTS;uDmRepInterAccount.pas
C:\Projects\VSS\Typhoon22\REPORTS;uDmRepMoneyOrder.pas
C:\Projects\VSS\Typhoon22\REPORTS;uDmRepMoveGoods.pas
C:\Projects\VSS\Typhoon22\REPORTS;uDmRepNC.pas
C:\Projects\VSS\Typhoon22\REPORTS;uDmRepRemont.pas
C:\Projects\VSS\Typhoon22\REPORTS;uDmRepRequest.pas
C:\Projects\VSS\Typhoon22\REPORTS;uDmReports.pas
C:\Projects\VSS\Typhoon22\REPORTS;uFxtRepExp2Excel.pas
C:\Projects\VSS\Typhoon22\REPORTS;uFxtRepExpIntnl.pas
C:\Projects\VSS\Typhoon22\REPORTS;uFxtRepExpIntnlScript.pas
C:\Projects\VSS\Typhoon22\REPORTS;uFxtRepExpScript.pas
C:\Projects\VSS\Typhoon22\REPORTS;uFxtRepExpScriptDBF.pas
C:\Projects\VSS\Typhoon22\REPORTS;uFxtRepExport.pas
C:\Projects\VSS\Typhoon22\REPORTS;uFxtRepExportMetadata.pas
C:\Projects\VSS\Typhoon22\REPORTS;uFxtWebReport.pas
C:\Projects\VSS\Typhoon22\REPORTS;uFxtXmlReportActions.pas
C:\Projects\VSS\Typhoon22\REPORTS;uPSI_uFxtRepExpIntnlScript.pas
C:\Projects\VSS\Typhoon22\REPORTS;uPSI_uFxtRepExpScript.pas
C:\Projects\VSS\Typhoon22\REPORTS;uPSI_uFxtRepExpScriptDBF.pas
C:\Projects\VSS\Typhoon22\REPORTS;uRaFunc.pas
C:\Projects\VSS\Typhoon22\REPORTS;ufExtentedDM.pas
C:\Projects\VSS\Typhoon22\REPORTS;ufGAPrintDocGroup.pas
C:\Projects\VSS\Typhoon22\REPORTS;ufPreviewNaklad.pas
C:\Projects\VSS\Typhoon22\REPORTS;ufPrintTTNakl.pas
C:\Projects\VSS\Typhoon22\REPORTS;ufRepActVerifctn.pas
C:\Projects\VSS\Typhoon22\REPORTS;ufRepCom.pas
C:\Projects\VSS\Typhoon22\REPORTS;ufRepComFlt.pas
C:\Projects\VSS\Typhoon22\REPORTS;ufRepJO.pas
C:\Projects\VSS\Typhoon22\REPORTS;ufRepJOFlt.pas
C:\Projects\VSS\Typhoon22\REPORTS;ufRepOB.pas
C:\Projects\VSS\Typhoon22\REPORTS;ufRepOBC.pas
C:\Projects\VSS\Typhoon22\REPORTS;ufRepOBCFlt.pas
C:\Projects\VSS\Typhoon22\REPORTS;ufRepOBCKNTR.pas
C:\Projects\VSS\Typhoon22\REPORTS;ufRepOBCKNTRFlt.pas
C:\Projects\VSS\Typhoon22\REPORTS;ufRepOBDet.pas
C:\Projects\VSS\Typhoon22\REPORTS;ufRepOBFlt.pas
C:\Projects\VSS\Typhoon22\REPORTS;ufReportEdit.pas
C:\Projects\VSS\Typhoon22\REPORTS;ufReportGroupEdit.pas
C:\Projects\VSS\Typhoon22\REPORTS;ufReportLinkSource.pas
C:\Projects\VSS\Typhoon22\REPORTS;ufReportSelectSource.pas
C:\Projects\VSS\Typhoon22\REPORTS;ufReportSources.pas
C:\Projects\VSS\Typhoon22\REPORTS;ufReportSourcesEdit.pas
C:\Projects\VSS\Typhoon22\REPORTS;ufReportTreeEdit.pas
C:\Projects\VSS\Typhoon22\Roznica;ADDINLIB.PAS
C:\Projects\VSS\Typhoon22\Roznica;AddInObj.pas
C:\Projects\VSS\Typhoon22\Roznica;MAPICONTROL.PAS
C:\Projects\VSS\Typhoon22\Roznica;PropPage.pas
C:\Projects\VSS\Typhoon22\Roznica;UfGift_journ.pas
C:\Projects\VSS\Typhoon22\Roznica;UfMoves_mag.pas
C:\Projects\VSS\Typhoon22\Roznica;dmCennik.pas
C:\Projects\VSS\Typhoon22\Roznica;uActionsUtils_roz.pas
C:\Projects\VSS\Typhoon22\Roznica;uExport_excel_roz.pas
C:\Projects\VSS\Typhoon22\Roznica;uKassa.pas
C:\Projects\VSS\Typhoon22\Roznica;uRKA.pas
C:\Projects\VSS\Typhoon22\Roznica;ufA_List.pas
C:\Projects\VSS\Typhoon22\Roznica;ufAdd_goods.pas
C:\Projects\VSS\Typhoon22\Roznica;ufAdd_osnov_del.pas
C:\Projects\VSS\Typhoon22\Roznica;ufAkcii.pas
C:\Projects\VSS\Typhoon22\Roznica;ufAkciya_prop.pas
C:\Projects\VSS\Typhoon22\Roznica;ufBarcode.pas
C:\Projects\VSS\Typhoon22\Roznica;ufCalc_money.pas
C:\Projects\VSS\Typhoon22\Roznica;ufCennik.pas
C:\Projects\VSS\Typhoon22\Roznica;ufCh_price.pas
C:\Projects\VSS\Typhoon22\Roznica;ufCh_price_journ.pas
C:\Projects\VSS\Typhoon22\Roznica;ufCli_Roz.pas
C:\Projects\VSS\Typhoon22\Roznica;ufClient_kart.pas
C:\Projects\VSS\Typhoon22\Roznica;ufClient_seek.pas
C:\Projects\VSS\Typhoon22\Roznica;ufClient_wizard.pas
C:\Projects\VSS\Typhoon22\Roznica;ufDelivery.pas
C:\Projects\VSS\Typhoon22\Roznica;ufDict_roz.pas
C:\Projects\VSS\Typhoon22\Roznica;ufDoc_r.pas
C:\Projects\VSS\Typhoon22\Roznica;ufDoc_sales.pas
C:\Projects\VSS\Typhoon22\Roznica;ufExport_Excel_kass.pas
C:\Projects\VSS\Typhoon22\Roznica;ufExport_Excel_nakl.pas
C:\Projects\VSS\Typhoon22\Roznica;ufExport_Excel_ware.pas
C:\Projects\VSS\Typhoon22\Roznica;ufExport_sales.pas
C:\Projects\VSS\Typhoon22\Roznica;ufFamily.pas
C:\Projects\VSS\Typhoon22\Roznica;ufFiscal.pas
C:\Projects\VSS\Typhoon22\Roznica;ufGaRest_R.pas
C:\Projects\VSS\Typhoon22\Roznica;ufGet_adr.pas
C:\Projects\VSS\Typhoon22\Roznica;ufGoods.pas
C:\Projects\VSS\Typhoon22\Roznica;ufGoods_Gr_Edit.pas
C:\Projects\VSS\Typhoon22\Roznica;ufImport_doc.pas
C:\Projects\VSS\Typhoon22\Roznica;ufInc_docs.pas
C:\Projects\VSS\Typhoon22\Roznica;ufJourn_razn_opl.pas
C:\Projects\VSS\Typhoon22\Roznica;ufKassa_Report.pas
C:\Projects\VSS\Typhoon22\Roznica;ufMod_j.pas
C:\Projects\VSS\Typhoon22\Roznica;ufMoves_j.pas
C:\Projects\VSS\Typhoon22\Roznica;ufOdmin.pas
C:\Projects\VSS\Typhoon22\Roznica;ufPrice_Journ.pas
C:\Projects\VSS\Typhoon22\Roznica;ufPrice_List.pas
C:\Projects\VSS\Typhoon22\Roznica;ufPrice_g_hist.pas
C:\Projects\VSS\Typhoon22\Roznica;ufPrint_Peports.pas
C:\Projects\VSS\Typhoon22\Roznica;ufProp_List.pas
C:\Projects\VSS\Typhoon22\Roznica;ufProp_Print_Forms.pas
C:\Projects\VSS\Typhoon22\Roznica;ufProp_inc_doc.pas
C:\Projects\VSS\Typhoon22\Roznica;ufRegister_desk.pas
C:\Projects\VSS\Typhoon22\Roznica;ufRetail_journal.pas
C:\Projects\VSS\Typhoon22\Roznica;ufRoz_main.pas
C:\Projects\VSS\Typhoon22\Roznica;ufSelect_Sort.pas
C:\Projects\VSS\Typhoon22\Roznica;ufTTN.pas
C:\Projects\VSS\Typhoon22\Roznica;ufTov_gr.pas
C:\Projects\VSS\Typhoon22\Roznica;ufVhod_goods.pas
C:\Projects\VSS\Typhoon22;Saldoaccutils.pas
C:\Projects\VSS\Typhoon22;Saldopackage.pas
C:\Projects\VSS\Typhoon22\ServiceDesk;uSD_UtilFunctions.pas
C:\Projects\VSS\Typhoon22\ServiceDesk;udmSD_Dictionaries.pas
C:\Projects\VSS\Typhoon22\ServiceDesk;udmSD_Main.pas
C:\Projects\VSS\Typhoon22\ServiceDesk;udmSD_Reports.pas
C:\Projects\VSS\Typhoon22\ServiceDesk;ufDecision.pas
C:\Projects\VSS\Typhoon22\ServiceDesk;ufDecisions.pas
C:\Projects\VSS\Typhoon22\ServiceDesk;ufHistoryPassLog.pas
C:\Projects\VSS\Typhoon22\ServiceDesk;ufMailTemplateEdit.pas
C:\Projects\VSS\Typhoon22\ServiceDesk;ufPatterns.pas
C:\Projects\VSS\Typhoon22\ServiceDesk;ufResChConfJournal.pas
C:\Projects\VSS\Typhoon22\ServiceDesk;ufResChangeConf.pas
C:\Projects\VSS\Typhoon22\ServiceDesk;ufResChangeRekv.pas
C:\Projects\VSS\Typhoon22\ServiceDesk;ufResLinkUserKE.pas
C:\Projects\VSS\Typhoon22\ServiceDesk;ufResMakeLinks.pas
C:\Projects\VSS\Typhoon22\ServiceDesk;ufResProfile.pas
C:\Projects\VSS\Typhoon22\ServiceDesk;ufResProfilesJournal.pas
C:\Projects\VSS\Typhoon22\ServiceDesk;ufRes_gredit.pas
C:\Projects\VSS\Typhoon22\ServiceDesk;ufResource.pas
C:\Projects\VSS\Typhoon22\ServiceDesk;ufResourceKart.pas
C:\Projects\VSS\Typhoon22\ServiceDesk;ufResourceKat.pas
C:\Projects\VSS\Typhoon22\ServiceDesk;ufResourceType.pas
C:\Projects\VSS\Typhoon22\ServiceDesk;ufResources.pas
C:\Projects\VSS\Typhoon22\ServiceDesk;ufResourcesRefRekv.pas
C:\Projects\VSS\Typhoon22\ServiceDesk;ufSD_Commands.pas
C:\Projects\VSS\Typhoon22\ServiceDesk;ufSD_Dictionaries.pas
C:\Projects\VSS\Typhoon22\ServiceDesk;ufSD_ImportMails.pas
C:\Projects\VSS\Typhoon22\ServiceDesk;ufSD_IncidentMaster.pas
C:\Projects\VSS\Typhoon22\ServiceDesk;ufSD_MailList.pas
C:\Projects\VSS\Typhoon22\ServiceDesk;ufSD_MailTemplateEdit.pas
C:\Projects\VSS\Typhoon22\ServiceDesk;ufSD_MailTemplates.pas
C:\Projects\VSS\Typhoon22\ServiceDesk;ufSD_RequestAct.pas
C:\Projects\VSS\Typhoon22\ServiceDesk;ufSD_RequestActAdd.pas
C:\Projects\VSS\Typhoon22\ServiceDesk;ufSD_RequestActView.pas
C:\Projects\VSS\Typhoon22\ServiceDesk;ufSD_RequestAppoint.pas
C:\Projects\VSS\Typhoon22\ServiceDesk;ufSD_RequestDivide.pas
C:\Projects\VSS\Typhoon22\ServiceDesk;ufSD_RequestEdit.pas
C:\Projects\VSS\Typhoon22\ServiceDesk;ufSD_RequestMaster.pas
C:\Projects\VSS\Typhoon22\ServiceDesk;ufSD_RequestMasterCopy.pas
C:\Projects\VSS\Typhoon22\ServiceDesk;ufSD_Requests.pas
C:\Projects\VSS\Typhoon22\ServiceDesk;ufSD_RequestsLinksAdd.pas
C:\Projects\VSS\Typhoon22\ServiceDesk;ufSD_TaskUserList.pas
C:\Projects\VSS\Typhoon22\ServiceDesk;ufSD_Templates.pas
C:\Projects\VSS\Typhoon22\ServiceDesk;ufTransportSheluder.pas
C:\Projects\VSS\Typhoon22\TEMPLATES\_d05;utmpPropEdit.pas
C:\Projects\VSS\Typhoon22\TEMPLATES;uTmpPrintDocument.pas
C:\Projects\VSS\Typhoon22\TEMPLATES;uTmpPrintDocument_n.pas
C:\Projects\VSS\Typhoon22\TEMPLATES;uTmpPrintReports.pas
C:\Projects\VSS\Typhoon22\TEMPLATES;ucxTmpGaGoods.pas
C:\Projects\VSS\Typhoon22\TEMPLATES;ucxTmpGoods.pas
C:\Projects\VSS\Typhoon22\TEMPLATES;ufPropHistory.pas
C:\Projects\VSS\Typhoon22\TEMPLATES;utmpAnalyticForm.pas
C:\Projects\VSS\Typhoon22\TEMPLATES;utmpForm.pas
C:\Projects\VSS\Typhoon22\TEMPLATES;utmpFormData.pas
C:\Projects\VSS\Typhoon22\TEMPLATES;utmpFormDict_Office.pas
C:\Projects\VSS\Typhoon22\TEMPLATES;utmpModalEdit.pas
C:\Projects\VSS\Typhoon22\TEMPLATES;utmpPrint.pas
C:\Projects\VSS\Typhoon22\TEMPLATES;utmpPropEdit.pas
C:\Projects\VSS\Typhoon22\TRUCKS;uTruckFilter.pas
C:\Projects\VSS\Typhoon22\TRUCKS;uTruckReports.pas
C:\Projects\VSS\Typhoon22\TRUCKS;uTruckSprav.pas
C:\Projects\VSS\Typhoon22\TRUCKS;udmTruckRep.pas
C:\Projects\VSS\Typhoon22\TRUCKS;ufCustGoods.pas
C:\Projects\VSS\Typhoon22\TRUCKS;ufEditOrder.pas
C:\Projects\VSS\Typhoon22\TRUCKS;ufEditTruck.pas
C:\Projects\VSS\Typhoon22\TRUCKS;ufJornalOrders.pas
C:\Projects\VSS\Typhoon22\TRUCKS;ufJornalTrucks.pas
C:\Projects\VSS\Typhoon22\TRUCKS;ufLinkOrderToTruck.pas
C:\Projects\VSS\Typhoon22\TRUCKS;ufMoveCross.pas
C:\Projects\VSS\Typhoon22\TRUCKS;ufMoveCrossEnt.pas
C:\Projects\VSS\Typhoon22\TRUCKS;ufMoveReq.pas
C:\Projects\VSS\Typhoon22\TRUCKS;ufTruckAutoExpList.pas
C:\Projects\VSS\Typhoon22\TRUCKS;ufTruckCertEdit.pas
C:\Projects\VSS\Typhoon22\TRUCKS;ufTruckCustPriceChange.pas
C:\Projects\VSS\Typhoon22\TRUCKS;ufTruckExpList.pas
C:\Projects\VSS\Typhoon22\TRUCKS;ufTruckNumDevices.pas
C:\Projects\VSS\Typhoon22;Typhoon_TLB.pas
C:\Projects\VSS\Typhoon22;Typhoon__TLB.pas
C:\Projects\VSS\Typhoon22\UTILS;Cash.pas
C:\Projects\VSS\Typhoon22\UTILS;uActionsUtil.pas
C:\Projects\VSS\Typhoon22\UTILS;uFinancialFunctions.pas
C:\Projects\VSS\Typhoon22\UTILS;uHOConst.pas
C:\Projects\VSS\Typhoon22\UTILS;uHOUtilFunctions.pas
C:\Projects\VSS\Typhoon22\UTILS;uMotZpFunctions.pas
C:\Projects\VSS\Typhoon22\UTILS;uTyphoonRegFix.pas
C:\Projects\VSS\Typhoon22\UTILS;uUtilFunctions.pas
C:\Projects\VSS\Typhoon22\UTILS;ufAdminApp.pas
C:\Projects\VSS\Typhoon22\UTILS;ufTimeDepend.pas
C:\Projects\VSS\Typhoon22;Ufsummdateedit.pas
C:\Projects\VSS\Typhoon22\ZP;uZPUtilFunctions.pas
C:\Projects\VSS\Typhoon22\ZP;ufBase.pas
C:\Projects\VSS\Typhoon22\ZP;ufDeviationEdit.pas
C:\Projects\VSS\Typhoon22\ZP;ufDialogRecalcAs.pas
C:\Projects\VSS\Typhoon22\ZP;ufDialogRecalcEmp.pas
C:\Projects\VSS\Typhoon22\ZP;ufEmpBonusNew.pas
C:\Projects\VSS\Typhoon22\ZP;ufEmpDebt.pas
C:\Projects\VSS\Typhoon22\ZP;ufEmplDebtList.pas
C:\Projects\VSS\Typhoon22\ZP;ufGUARD_TIMEBOARDS.pas
C:\Projects\VSS\Typhoon22\ZP;ufGUARD_TIMEBOARDSList.pas
C:\Projects\VSS\Typhoon22\ZP;ufGuardParam.pas
C:\Projects\VSS\Typhoon22\ZP;ufGuard_Sum.pas
C:\Projects\VSS\Typhoon22\ZP;ufMakePayCalendar.pas
C:\Projects\VSS\Typhoon22\ZP;ufPayrollEdit.pas
C:\Projects\VSS\Typhoon22\ZP;ufPayrollList.pas
C:\Projects\VSS\Typhoon22\ZP;ufPayrollSumEdit.pas
C:\Projects\VSS\Typhoon22\ZP;ufZPBankFiles.pas
C:\Projects\VSS\Typhoon22\ZP;ufZPFileFromBank.pas
C:\Projects\VSS\Typhoon22\ZP;ufZPGlobalPeriods.pas
C:\Projects\VSS\Typhoon22;uExceptionEvent.pas
C:\Projects\VSS\Typhoon22;uIntfTyphoon.pas
C:\Projects\VSS\Typhoon22;uMainForm.pas
C:\Projects\VSS\Typhoon22;uPrint_invoice.pas
C:\Projects\VSS\Typhoon22;uTCDOMessage.pas
C:\Projects\VSS\Typhoon22;uTyphoonInit.pas
C:\Projects\VSS\Typhoon22;uTyphoonInitUser.pas
C:\Projects\VSS\Typhoon22;ufActSverki.pas
C:\Projects\VSS\Typhoon22;ufAddRekvDocFromOS.pas
C:\Projects\VSS\Typhoon22;ufAdressEdit.pas
C:\Projects\VSS\Typhoon22;ufBankProps.pas
C:\Projects\VSS\Typhoon22;ufBankRestDay.pas
C:\Projects\VSS\Typhoon22;ufBanks_Jornal.pas
C:\Projects\VSS\Typhoon22;ufBanks_RecEdit.pas
C:\Projects\VSS\Typhoon22;ufCalculator.pas
C:\Projects\VSS\Typhoon22;ufCashJornalSuperNew.pas
C:\Projects\VSS\Typhoon22;ufCertCurrent.pas
C:\Projects\VSS\Typhoon22;ufCertPreview.pas
C:\Projects\VSS\Typhoon22;ufCertificates.pas
C:\Projects\VSS\Typhoon22;ufChangeQty.pas
C:\Projects\VSS\Typhoon22;ufChangeRateInBank_BT.pas
C:\Projects\VSS\Typhoon22;ufChangeXO.pas
C:\Projects\VSS\Typhoon22;ufCheckKonsig.pas
C:\Projects\VSS\Typhoon22;ufClearingJournal.pas
C:\Projects\VSS\Typhoon22;ufCloneKontragent.pas
C:\Projects\VSS\Typhoon22;ufConsolidation.pas
C:\Projects\VSS\Typhoon22;ufConsolidationEdit.pas
C:\Projects\VSS\Typhoon22;ufConsolidationRules.pas
C:\Projects\VSS\Typhoon22;ufConsolidationRulesEdit.pas
C:\Projects\VSS\Typhoon22;ufCountry_Brands.pas
C:\Projects\VSS\Typhoon22;ufCreateTransByDistrib.pas
C:\Projects\VSS\Typhoon22;ufCreditsDog.pas
C:\Projects\VSS\Typhoon22;ufDiffRest.pas
C:\Projects\VSS\Typhoon22;ufDocFiles.pas
C:\Projects\VSS\Typhoon22;ufDocsJornal_BT.pas
C:\Projects\VSS\Typhoon22;ufDocsJornal_BT_Base.pas
C:\Projects\VSS\Typhoon22;ufDocsTransAttr.pas
C:\Projects\VSS\Typhoon22;ufDocument.pas
C:\Projects\VSS\Typhoon22;ufDocumentations.pas
C:\Projects\VSS\Typhoon22;ufDog_Supl_Dict.pas
C:\Projects\VSS\Typhoon22;ufDog_Suppl.pas
C:\Projects\VSS\Typhoon22;ufDog_SupplHist.pas
C:\Projects\VSS\Typhoon22;ufEd_Izm_Edit.pas
C:\Projects\VSS\Typhoon22;ufFS_Edit.pas
C:\Projects\VSS\Typhoon22;ufFS_List.pas
C:\Projects\VSS\Typhoon22;ufFilter.pas
C:\Projects\VSS\Typhoon22;ufFilterCreator.pas
C:\Projects\VSS\Typhoon22;ufFilterNew.pas
C:\Projects\VSS\Typhoon22;ufFilterSave.pas
C:\Projects\VSS\Typhoon22;ufGAPrintDoc.pas
C:\Projects\VSS\Typhoon22;ufGaKontrInfo.pas
C:\Projects\VSS\Typhoon22;ufGaMove.pas
C:\Projects\VSS\Typhoon22;ufGaRest.pas
C:\Projects\VSS\Typhoon22;ufGoodAddEdit.pas
C:\Projects\VSS\Typhoon22;ufGoodsDescr.pas
C:\Projects\VSS\Typhoon22;ufGoodsGr.pas
C:\Projects\VSS\Typhoon22;ufGoodsGr_Perc.pas
C:\Projects\VSS\Typhoon22;ufGoodsNew.pas
C:\Projects\VSS\Typhoon22;ufGoodsPropEdit.pas
C:\Projects\VSS\Typhoon22;ufGoodsPropEditHist.pas
C:\Projects\VSS\Typhoon22;ufGoodsShowLiked.pas
C:\Projects\VSS\Typhoon22;ufGridForm.pas
C:\Projects\VSS\Typhoon22;ufImportGoods.pas
C:\Projects\VSS\Typhoon22;ufImport_rezrv.pas
C:\Projects\VSS\Typhoon22;ufImportfromExcel.pas
C:\Projects\VSS\Typhoon22;ufImpotr_rez_barcode.pas
C:\Projects\VSS\Typhoon22;ufIncomInfoGoods.pas
C:\Projects\VSS\Typhoon22;ufInputNumMoveRequest.pas
C:\Projects\VSS\Typhoon22;ufInputString.pas
C:\Projects\VSS\Typhoon22;ufInvoicePodbor.pas
C:\Projects\VSS\Typhoon22;ufInvoice_Edit.pas
C:\Projects\VSS\Typhoon22;ufInvoice_Jornal.pas
C:\Projects\VSS\Typhoon22;ufJornal_MoviesAlaOld.pas
C:\Projects\VSS\Typhoon22;ufJornal_MoviesNew.pas
C:\Projects\VSS\Typhoon22;ufKassaNew_BT.pas
C:\Projects\VSS\Typhoon22;ufKoeff.pas
C:\Projects\VSS\Typhoon22;ufKonsBadRows.pas
C:\Projects\VSS\Typhoon22;ufKonsGoodSum.pas
C:\Projects\VSS\Typhoon22;ufKonsigRest.pas
C:\Projects\VSS\Typhoon22;ufKontrAnalyticProp.pas
C:\Projects\VSS\Typhoon22;ufKontrContactDetEdit.pas
C:\Projects\VSS\Typhoon22;ufKontrContactDialog.pas
C:\Projects\VSS\Typhoon22;ufKontrContactEdit.pas
C:\Projects\VSS\Typhoon22;ufKontrContactJurDogEdit.pas
C:\Projects\VSS\Typhoon22;ufKontrEdit.pas
C:\Projects\VSS\Typhoon22;ufKontrRecipientEdit.pas
C:\Projects\VSS\Typhoon22;ufKontragents_BT.pas
C:\Projects\VSS\Typhoon22;ufLink_doc.pas
C:\Projects\VSS\Typhoon22;ufLog.pas
C:\Projects\VSS\Typhoon22;ufLtdSaldo_GRN.pas
C:\Projects\VSS\Typhoon22;ufLtdSaldo_USD.pas
C:\Projects\VSS\Typhoon22;ufMakePayCalendar.pas
C:\Projects\VSS\Typhoon22;ufMasterCreateMovie.pas
C:\Projects\VSS\Typhoon22;ufMasterExportPInvoiceToWord.pas
C:\Projects\VSS\Typhoon22;ufModal_doc_i.pas
C:\Projects\VSS\Typhoon22;ufMovies_New.pas
C:\Projects\VSS\Typhoon22;ufNewKontrProp.pas
C:\Projects\VSS\Typhoon22;ufOpenDocChilds.pas
C:\Projects\VSS\Typhoon22;ufOracleLogonWithDescr.pas
C:\Projects\VSS\Typhoon22;ufOrderCredits.pas
C:\Projects\VSS\Typhoon22;ufOrderHistory.pas
C:\Projects\VSS\Typhoon22;ufOstTekZakaz.pas
C:\Projects\VSS\Typhoon22;ufOverDraftNew.pas
C:\Projects\VSS\Typhoon22;ufPCostSpec.pas
C:\Projects\VSS\Typhoon22;ufPriceChangesHistory.pas
C:\Projects\VSS\Typhoon22;ufPriceNew.pas
C:\Projects\VSS\Typhoon22;ufPriceNewWares.pas
C:\Projects\VSS\Typhoon22;ufPrintCredits.pas
C:\Projects\VSS\Typhoon22;ufPrintedDocuments.pas
C:\Projects\VSS\Typhoon22;ufReportLTD.pas
C:\Projects\VSS\Typhoon22;ufReq_price.pas
C:\Projects\VSS\Typhoon22;ufRequestIdent.pas
C:\Projects\VSS\Typhoon22;ufSearch.pas
C:\Projects\VSS\Typhoon22;ufSelGroop.pas
C:\Projects\VSS\Typhoon22;ufSelectDogovor.pas
C:\Projects\VSS\Typhoon22;ufSelectFS.pas
C:\Projects\VSS\Typhoon22;ufSelfCost_New.pas
C:\Projects\VSS\Typhoon22;ufSendReport.pas
C:\Projects\VSS\Typhoon22;ufSetGOSTProps.pas
C:\Projects\VSS\Typhoon22;ufSettingForm.pas
C:\Projects\VSS\Typhoon22;ufSpecial.pas
C:\Projects\VSS\Typhoon22;ufSplash.pas
C:\Projects\VSS\Typhoon22;ufSuppliersPrices.pas
C:\Projects\VSS\Typhoon22;ufToDate.pas
C:\Projects\VSS\Typhoon22;ufTwoDates.pas
C:\Projects\VSS\Typhoon22;ufUpdateIncorrectCostInGALots.pas
C:\Projects\VSS\Typhoon22;ufUr_lica_journal.pas
C:\Projects\VSS\Typhoon22;ufUr_lica_sprav_nal.pas
C:\Projects\VSS\Typhoon22;ufUr_lico_Edit.pas
C:\Projects\VSS\Typhoon22;ufVibor_elem_ent.pas
C:\Projects\VSS\Typhoon22;ufWebHelp.pas
C:\Projects\VSS\Typhoon22;ufcxGridForm.pas
C:\Projects\VSS\Typhoon22;ufrmChangePrice.pas
