"PATH";"DFM_FILE"
"C:\Projects\VSS\Typhoon22\ANALYTIC FORMS&REPORTS\";"udmAnalyticReports.dfm"
"C:\Projects\VSS\Typhoon22\ANALYTIC FORMS&REPORTS\";"ufAllHeels.dfm"
"C:\Projects\VSS\Typhoon22\ANALYTIC FORMS&REPORTS\";"ufAnalysisPrice.dfm"
"C:\Projects\VSS\Typhoon22\ANALYTIC FORMS&REPORTS\";"ufAnalysisPricePCost.dfm"
"C:\Projects\VSS\Typhoon22\ANALYTIC FORMS&REPORTS\";"ufBatSales.dfm"
"C:\Projects\VSS\Typhoon22\ANALYTIC FORMS&REPORTS\";"ufBonusCalc.dfm"
"C:\Projects\VSS\Typhoon22\ANALYTIC FORMS&REPORTS\";"ufBonusCalc_A.dfm"
"C:\Projects\VSS\Typhoon22\ANALYTIC FORMS&REPORTS\";"ufCapitalMove.dfm"
"C:\Projects\VSS\Typhoon22\ANALYTIC FORMS&REPORTS\";"ufCapitalMoveNew.dfm"
"C:\Projects\VSS\Typhoon22\ANALYTIC FORMS&REPORTS\";"ufChoiceKontragents.dfm"
"C:\Projects\VSS\Typhoon22\ANALYTIC FORMS&REPORTS\";"ufCorrectProfile.dfm"
"C:\Projects\VSS\Typhoon22\ANALYTIC FORMS&REPORTS\";"ufDistribGoods.dfm"
"C:\Projects\VSS\Typhoon22\ANALYTIC FORMS&REPORTS\";"ufDogMove.dfm"
"C:\Projects\VSS\Typhoon22\ANALYTIC FORMS&REPORTS\";"ufDogovor.dfm"
"C:\Projects\VSS\Typhoon22\ANALYTIC FORMS&REPORTS\";"ufDogovorFirmEdit.dfm"
"C:\Projects\VSS\Typhoon22\ANALYTIC FORMS&REPORTS\";"ufEmplAvgSaldo.dfm"
"C:\Projects\VSS\Typhoon22\ANALYTIC FORMS&REPORTS\";"ufFSProps.dfm"
"C:\Projects\VSS\Typhoon22\ANALYTIC FORMS&REPORTS\";"ufFineBonus.dfm"
"C:\Projects\VSS\Typhoon22\ANALYTIC FORMS&REPORTS\";"ufFotoLab.dfm"
"C:\Projects\VSS\Typhoon22\ANALYTIC FORMS&REPORTS\";"ufFotoLabDet.dfm"
"C:\Projects\VSS\Typhoon22\ANALYTIC FORMS&REPORTS\";"ufGoodsOfKontr.dfm"
"C:\Projects\VSS\Typhoon22\ANALYTIC FORMS&REPORTS\";"ufIncomInfo.dfm"
"C:\Projects\VSS\Typhoon22\ANALYTIC FORMS&REPORTS\";"ufIncomInfoSupplBuy.dfm"
"C:\Projects\VSS\Typhoon22\ANALYTIC FORMS&REPORTS\";"ufIncomeOutlay.dfm"
"C:\Projects\VSS\Typhoon22\ANALYTIC FORMS&REPORTS\";"ufKonsInfo.dfm"
"C:\Projects\VSS\Typhoon22\ANALYTIC FORMS&REPORTS\";"ufKontoCheck.dfm"
"C:\Projects\VSS\Typhoon22\ANALYTIC FORMS&REPORTS\";"ufKontrGroupSaldo.dfm"
"C:\Projects\VSS\Typhoon22\ANALYTIC FORMS&REPORTS\";"ufKontrLimitEdit.dfm"
"C:\Projects\VSS\Typhoon22\ANALYTIC FORMS&REPORTS\";"ufKontr_Business.dfm"
"C:\Projects\VSS\Typhoon22\ANALYTIC FORMS&REPORTS\";"ufManufactur.dfm"
"C:\Projects\VSS\Typhoon22\ANALYTIC FORMS&REPORTS\";"ufMobileInfo.dfm"
"C:\Projects\VSS\Typhoon22\ANALYTIC FORMS&REPORTS\";"ufMoneyOrderCalc.dfm"
"C:\Projects\VSS\Typhoon22\ANALYTIC FORMS&REPORTS\";"ufPriceListPCost.dfm"
"C:\Projects\VSS\Typhoon22\ANALYTIC FORMS&REPORTS\";"ufProfitByFotoGood.dfm"
"C:\Projects\VSS\Typhoon22\ANALYTIC FORMS&REPORTS\";"ufProfitByGoodsGr.dfm"
"C:\Projects\VSS\Typhoon22\ANALYTIC FORMS&REPORTS\";"ufReserveZapas_Edit.dfm"
"C:\Projects\VSS\Typhoon22\ANALYTIC FORMS&REPORTS\";"ufReserveZapas_Jornal.dfm"
"C:\Projects\VSS\Typhoon22\ANALYTIC FORMS&REPORTS\";"ufRestsByBrand.dfm"
"C:\Projects\VSS\Typhoon22\ANALYTIC FORMS&REPORTS\";"ufSaldoMove.dfm"
"C:\Projects\VSS\Typhoon22\ANALYTIC FORMS&REPORTS\";"ufSalesByBrand.dfm"
"C:\Projects\VSS\Typhoon22\ANALYTIC FORMS&REPORTS\";"ufSelectGroups.dfm"
"C:\Projects\VSS\Typhoon22\ANALYTIC FORMS&REPORTS\";"ufSelectedGroups.dfm"
"C:\Projects\VSS\Typhoon22\ANALYTIC FORMS&REPORTS\";"ufSendEmailStone.dfm"
"C:\Projects\VSS\Typhoon22\ANALYTIC FORMS&REPORTS\";"ufStoneOfGoods.dfm"
"C:\Projects\VSS\Typhoon22\ANALYTIC FORMS&REPORTS\";"ufStoneOnKons.dfm"
"C:\Projects\VSS\Typhoon22\ANALYTIC FORMS&REPORTS\";"ufSumInfoForStone.dfm"
"C:\Projects\VSS\Typhoon22\ANALYTIC FORMS&REPORTS\";"ufZatrOfGoods.dfm"
"C:\Projects\VSS\Typhoon22\ANALYTIC FORMS&REPORTS\";"ufZatrat.dfm"
"C:\Projects\VSS\Typhoon22\ANALYTIC FORMS&REPORTS\";"ufZatrat_By_Coop.dfm"
"C:\Projects\VSS\Typhoon22\ANALYTIC FORMS&REPORTS\";"uffCapitalAssesstments.dfm"
"C:\Projects\VSS\Typhoon22\Arenda\";"ufArendaCalcProfit_Edit.dfm"
"C:\Projects\VSS\Typhoon22\Arenda\";"ufArendaCalcProfit_Jornal.dfm"
"C:\Projects\VSS\Typhoon22\Arenda\";"ufArendaDogovors_Edit.dfm"
"C:\Projects\VSS\Typhoon22\Arenda\";"ufArendaDogovors_Jornal.dfm"
"C:\Projects\VSS\Typhoon22\Arenda\";"ufArendaObjects_DsgEdit.dfm"
"C:\Projects\VSS\Typhoon22\Arenda\";"ufArendaObjects_Edit.dfm"
"C:\Projects\VSS\Typhoon22\Arenda\";"ufArendaObjects_Jornal.dfm"
"C:\Projects\VSS\Typhoon22\Arenda\";"ufArendaZatrats_Edit.dfm"
"C:\Projects\VSS\Typhoon22\Arenda\";"ufArendaZatrats_Jornal.dfm"
"C:\Projects\VSS\Typhoon22\BANKRECORD\bimp\";"bimp_dmora.dfm"
"C:\Projects\VSS\Typhoon22\BANKRECORD\bimp\";"bimp_error_dialog_form.dfm"
"C:\Projects\VSS\Typhoon22\BANKRECORD\bimp\";"bimp_main_form.dfm"
"C:\Projects\VSS\Typhoon22\BANKRECORD\";"ufBankImportFilter.dfm"
"C:\Projects\VSS\Typhoon22\BANKRECORD\";"ufBankListJornal.dfm"
"C:\Projects\VSS\Typhoon22\BANKRECORD\";"ufBankOKPORules.dfm"
"C:\Projects\VSS\Typhoon22\BANKRECORD\";"ufBankRecEdit.dfm"
"C:\Projects\VSS\Typhoon22\BANKRECORD\";"ufBankRecord.dfm"
"C:\Projects\VSS\Typhoon22\BANKRECORD\";"ufBankRecordNew.dfm"
"C:\Projects\VSS\Typhoon22\BANKRECORD\";"ufDiffK_IDSet.dfm"
"C:\Projects\VSS\Typhoon22\BANKRECORD\";"ufRecordView.dfm"
"C:\Projects\VSS\Typhoon22\BANKRECORD\";"ufTraceCopyProp.dfm"
"C:\Projects\VSS\Typhoon22\BANKRECORD\";"ufTraceEdit.dfm"
"C:\Projects\VSS\Typhoon22\BANKRECORD\";"ufTraceLimit.dfm"
"C:\Projects\VSS\Typhoon22\BANKRECORD\";"ufTraceList.dfm"
"C:\Projects\VSS\Typhoon22\BANKRECORD\";"ufTracePayInfo.dfm"
"C:\Projects\VSS\Typhoon22\BANKRECORD\";"ufTracePeriod.dfm"
"C:\Projects\VSS\Typhoon22\Billing\";"UfBilling_files.dfm"
"C:\Projects\VSS\Typhoon22\Billing\";"ufBilling_Dials_J.dfm"
"C:\Projects\VSS\Typhoon22\Billing\";"ufBilling_Dict.dfm"
"C:\Projects\VSS\Typhoon22\BudCapInv\";"ufBudCapInvDet.dfm"
"C:\Projects\VSS\Typhoon22\BudCapInv\";"ufBudCapInvDetLink.dfm"
"C:\Projects\VSS\Typhoon22\BudCapInv\";"ufBudCapInvObj.dfm"
"C:\Projects\VSS\Typhoon22\BudCapInv\";"ufBudCapInvObjList.dfm"
"C:\Projects\VSS\Typhoon22\BudCapInv\";"ufBudCapInvProj.dfm"
"C:\Projects\VSS\Typhoon22\BudCapInv\";"ufBudCapInvProjList.dfm"
"C:\Projects\VSS\Typhoon22\Commercial_Premises\";"ufCommPremList.dfm"
"C:\Projects\VSS\Typhoon22\Commercial_Premises\";"ufCommPremListGraph.dfm"
"C:\Projects\VSS\Typhoon22\Commercial_Premises\";"ufCommPremList_Admin.dfm"
"C:\Projects\VSS\Typhoon22\Commercial_Premises\";"ufCommPremList_Edit.dfm"
"C:\Projects\VSS\Typhoon22\Commercial_Premises\";"ufCommPremList_HistPropEdit.dfm"
"C:\Projects\VSS\Typhoon22\Commercial_Premises\";"ufCommPremList_SquareEdit.dfm"
"C:\Projects\VSS\Typhoon22\Commercial_Premises\";"ufCommPremNodeProp.dfm"
"C:\Projects\VSS\Typhoon22\DATA\";"uDmMain.dfm"
"C:\Projects\VSS\Typhoon22\DATA\";"uDmSession.dfm"
"C:\Projects\VSS\Typhoon22\DATA\";"uDmShipment.dfm"
"C:\Projects\VSS\Typhoon22\DATA\";"uDmTrucks.dfm"
"C:\Projects\VSS\Typhoon22\DATA\";"ufLogonForm.dfm"
"C:\Projects\VSS\Typhoon22\Deposit\";"ufCreditResult.dfm"
"C:\Projects\VSS\Typhoon22\Deposit\";"ufDepositPay.dfm"
"C:\Projects\VSS\Typhoon22\Deposit\";"ufInsurPay.dfm"
"C:\Projects\VSS\Typhoon22\Deposit\";"ufSocResult.dfm"
"C:\Projects\VSS\Typhoon22\EMPL_FORM\";"ufAppend_Kontr_LS.dfm"
"C:\Projects\VSS\Typhoon22\EMPL_FORM\";"ufCommand.dfm"
"C:\Projects\VSS\Typhoon22\EMPL_FORM\";"ufCommandsList.dfm"
"C:\Projects\VSS\Typhoon22\EMPL_FORM\";"ufDialogReportDate.dfm"
"C:\Projects\VSS\Typhoon22\EMPL_FORM\";"ufDialogReportPeriod.dfm"
"C:\Projects\VSS\Typhoon22\EMPL_FORM\";"ufDialogShopParm.dfm"
"C:\Projects\VSS\Typhoon22\EMPL_FORM\";"ufDischarge.dfm"
"C:\Projects\VSS\Typhoon22\EMPL_FORM\";"ufEQUIPMENT.dfm"
"C:\Projects\VSS\Typhoon22\EMPL_FORM\";"ufEmpDivisions.dfm"
"C:\Projects\VSS\Typhoon22\EMPL_FORM\";"ufEmpObject.dfm"
"C:\Projects\VSS\Typhoon22\EMPL_FORM\";"ufEmpObjectsList.dfm"
"C:\Projects\VSS\Typhoon22\EMPL_FORM\";"ufEmpReference.dfm"
"C:\Projects\VSS\Typhoon22\EMPL_FORM\";"ufEmp_Category.dfm"
"C:\Projects\VSS\Typhoon22\EMPL_FORM\";"ufEmplDischarge.dfm"
"C:\Projects\VSS\Typhoon22\EMPL_FORM\";"ufEmplEditNew.dfm"
"C:\Projects\VSS\Typhoon22\EMPL_FORM\";"ufEmplRequestList.dfm"
"C:\Projects\VSS\Typhoon22\EMPL_FORM\";"ufEmpl_Bonus.dfm"
"C:\Projects\VSS\Typhoon22\EMPL_FORM\";"ufEmpl_Dohod.dfm"
"C:\Projects\VSS\Typhoon22\EMPL_FORM\";"ufEmpl_Request.dfm"
"C:\Projects\VSS\Typhoon22\EMPL_FORM\";"ufEmpl_copy_dialog.dfm"
"C:\Projects\VSS\Typhoon22\EMPL_FORM\";"ufEmployeeEdit.dfm"
"C:\Projects\VSS\Typhoon22\EMPL_FORM\";"ufEmployees.dfm"
"C:\Projects\VSS\Typhoon22\EMPL_FORM\";"ufEmployeesList.dfm"
"C:\Projects\VSS\Typhoon22\EMPL_FORM\";"ufManningTable.dfm"
"C:\Projects\VSS\Typhoon22\EMPL_FORM\";"ufObjEmp.dfm"
"C:\Projects\VSS\Typhoon22\EMPL_FORM\";"ufObjEmpSet.dfm"
"C:\Projects\VSS\Typhoon22\EMPL_FORM\";"ufObjEval.dfm"
"C:\Projects\VSS\Typhoon22\EMPL_FORM\";"ufObjExpWeight.dfm"
"C:\Projects\VSS\Typhoon22\EMPL_FORM\";"ufObjExpertSet.dfm"
"C:\Projects\VSS\Typhoon22\EMPL_FORM\";"ufObjForDays.dfm"
"C:\Projects\VSS\Typhoon22\EMPL_FORM\";"ufObjList.dfm"
"C:\Projects\VSS\Typhoon22\EMPL_FORM\";"ufObjPropHistory.dfm"
"C:\Projects\VSS\Typhoon22\EMPL_FORM\";"ufObjStSetEdit.dfm"
"C:\Projects\VSS\Typhoon22\EMPL_FORM\";"ufObjValList.dfm"
"C:\Projects\VSS\Typhoon22\EMPL_FORM\";"ufObjectEdit.dfm"
"C:\Projects\VSS\Typhoon22\EMPL_FORM\";"ufObjectInfo.dfm"
"C:\Projects\VSS\Typhoon22\EMPL_FORM\";"ufObjectKPIEdit.dfm"
"C:\Projects\VSS\Typhoon22\EMPL_FORM\";"ufObjectSetEdit.dfm"
"C:\Projects\VSS\Typhoon22\EMPL_FORM\";"ufObjectStEdit.dfm"
"C:\Projects\VSS\Typhoon22\EMPL_FORM\";"ufPersComList.dfm"
"C:\Projects\VSS\Typhoon22\EMPL_FORM\";"ufPersonCommand.dfm"
"C:\Projects\VSS\Typhoon22\EMPL_FORM\";"ufPhoneEdit.dfm"
"C:\Projects\VSS\Typhoon22\EMPL_FORM\";"ufPhonesList.dfm"
"C:\Projects\VSS\Typhoon22\EMPL_FORM\";"ufSPCalc.dfm"
"C:\Projects\VSS\Typhoon22\EMPL_FORM\";"ufSR_FS_POST_Edit.dfm"
"C:\Projects\VSS\Typhoon22\EMPL_FORM\";"ufSalaryMain.dfm"
"C:\Projects\VSS\Typhoon22\EMPL_FORM\";"ufSalaryPerc.dfm"
"C:\Projects\VSS\Typhoon22\EMPL_FORM\";"ufSocialProgr.dfm"
"C:\Projects\VSS\Typhoon22\EMPL_FORM\";"ufSocialProgrList.dfm"
"C:\Projects\VSS\Typhoon22\EMPL_FORM\";"ufVacancyList.dfm"
"C:\Projects\VSS\Typhoon22\EMPL_FORM\";"ufVacancyList12.dfm"
"C:\Projects\VSS\Typhoon22\FO\";"ufAccountRateEdit.dfm"
"C:\Projects\VSS\Typhoon22\FO\";"ufCurrencyAccountRate.dfm"
"C:\Projects\VSS\Typhoon22\FO\";"ufCurrencyCoef.dfm"
"C:\Projects\VSS\Typhoon22\FO\";"ufCurrencyCoefEdit.dfm"
"C:\Projects\VSS\Typhoon22\FO\";"ufCurrencyRate.dfm"
"C:\Projects\VSS\Typhoon22\FO\";"ufCurrencyRateEdit.dfm"
"C:\Projects\VSS\Typhoon22\FO\";"ufGoodsRate.dfm"
"C:\Projects\VSS\Typhoon22\FO\";"ufGoodsRateEdit.dfm"
"C:\Projects\VSS\Typhoon22\FO\";"ufGoodsRateGrid.dfm"
"C:\Projects\VSS\Typhoon22\FO\";"ufShowGoodsRate.dfm"
"C:\Projects\VSS\Typhoon22\FO\";"ufTariffScale.dfm"
"C:\Projects\VSS\Typhoon22\FO\";"ufTransferCoef.dfm"
"C:\Projects\VSS\Typhoon22\FO\";"ufTransferEdit.dfm"
"C:\Projects\VSS\Typhoon22\";"KonsRests.dfm"
"C:\Projects\VSS\Typhoon22\LG\";"ufEditRequestZT.dfm"
"C:\Projects\VSS\Typhoon22\LG\";"ufLGActualZatratJournal.dfm"
"C:\Projects\VSS\Typhoon22\LG\";"ufLGAnalysis.dfm"
"C:\Projects\VSS\Typhoon22\LG\";"ufLGControlReqest.dfm"
"C:\Projects\VSS\Typhoon22\LG\";"ufLGCorrection_Edit.dfm"
"C:\Projects\VSS\Typhoon22\LG\";"ufLGCorrection_Jornal.dfm"
"C:\Projects\VSS\Typhoon22\LG\";"ufLGDigression.dfm"
"C:\Projects\VSS\Typhoon22\LG\";"ufLGDistributions.dfm"
"C:\Projects\VSS\Typhoon22\LG\";"ufLGDistributionsDocs.dfm"
"C:\Projects\VSS\Typhoon22\LG\";"ufLGDistributionsFDoc.dfm"
"C:\Projects\VSS\Typhoon22\LG\";"ufLGDistributionsRests.dfm"
"C:\Projects\VSS\Typhoon22\LG\";"ufLGLinkEditor.dfm"
"C:\Projects\VSS\Typhoon22\LG\";"ufLGPrintDoc.dfm"
"C:\Projects\VSS\Typhoon22\LG\";"ufLGReqtJrnlSelectDialog.dfm"
"C:\Projects\VSS\Typhoon22\LG\";"ufLGRequest.dfm"
"C:\Projects\VSS\Typhoon22\LG\";"ufLGRequestExt.dfm"
"C:\Projects\VSS\Typhoon22\LG\";"ufLGRequestJournal.dfm"
"C:\Projects\VSS\Typhoon22\LG\";"ufLGZTMain.dfm"
"C:\Projects\VSS\Typhoon22\LG\";"ufLGZTManageZatrats.dfm"
"C:\Projects\VSS\Typhoon22\LG\";"ufLGZTTransportEdit.dfm"
"C:\Projects\VSS\Typhoon22\LG\";"ufLGZTTransportZatrats.dfm"
"C:\Projects\VSS\Typhoon22\LG\";"ufLGZTZatratEdit.dfm"
"C:\Projects\VSS\Typhoon22\LG\";"ufLG_RepTZR.dfm"
"C:\Projects\VSS\Typhoon22\LG\";"ufLinkLGtoOrder.dfm"
"C:\Projects\VSS\Typhoon22\LG\";"ufLinkLGtoOrderGrid.dfm"
"C:\Projects\VSS\Typhoon22\Library\";"udmLibMain.dfm"
"C:\Projects\VSS\Typhoon22\Library\";"ufLibraryJrnl.dfm"
"C:\Projects\VSS\Typhoon22\Library\";"ufLibraryTypes.dfm"
"C:\Projects\VSS\Typhoon22\Library\";"ufMediaEdit.dfm"
"C:\Projects\VSS\Typhoon22\Logistics\";"ufLogisticRequestJornal.dfm"
"C:\Projects\VSS\Typhoon22\Logistics\";"ufLogisticRequestJornalEdit.dfm"
"C:\Projects\VSS\Typhoon22\MONEYORDERS\";"ufMO_BlockedPeriod_Edit.dfm"
"C:\Projects\VSS\Typhoon22\MONEYORDERS\";"ufMO_BlockedPeriods.dfm"
"C:\Projects\VSS\Typhoon22\MONEYORDERS\";"ufMO_DocPrint.dfm"
"C:\Projects\VSS\Typhoon22\MONEYORDERS\";"ufMO_Pivot.dfm"
"C:\Projects\VSS\Typhoon22\MONEYORDERS\";"ufMO_TransferToDate.dfm"
"C:\Projects\VSS\Typhoon22\MONEYORDERS\";"ufMO_Wizard.dfm"
"C:\Projects\VSS\Typhoon22\MONEYORDERS\";"ufMoneyOrder.dfm"
"C:\Projects\VSS\Typhoon22\MONEYORDERS\";"ufMoneyOrder_Edit.dfm"
"C:\Projects\VSS\Typhoon22\MotivationPKI\";"ufKPI_BBFact_Edit.dfm"
"C:\Projects\VSS\Typhoon22\MotivationPKI\";"ufKPI_BBFact_Jornal.dfm"
"C:\Projects\VSS\Typhoon22\MotivationPKI\";"ufKPI_Diagram.dfm"
"C:\Projects\VSS\Typhoon22\MotivationPKI\";"ufKPI_Dictionary.dfm"
"C:\Projects\VSS\Typhoon22\MotivationPKI\";"ufKPI_Period_Edit.dfm"
"C:\Projects\VSS\Typhoon22\MotivationPKI\";"ufKPI_Period_Jornal.dfm"
"C:\Projects\VSS\Typhoon22\MotivationPKI\";"ufKPI_SelectEmpl.dfm"
"C:\Projects\VSS\Typhoon22\MotivationPKI\";"ufKPI_SumOfBonusMark.dfm"
"C:\Projects\VSS\Typhoon22\MotivationPKI\";"ufKPI_SumOfPKI.dfm"
"C:\Projects\VSS\Typhoon22\Motivation\";"ufMotZp_AnketSecretBuy_Edit.dfm"
"C:\Projects\VSS\Typhoon22\Motivation\";"ufMotZp_AnketSecretBuy_Jornal.dfm"
"C:\Projects\VSS\Typhoon22\Motivation\";"ufMotZp_Dictionary.dfm"
"C:\Projects\VSS\Typhoon22\Motivation\";"ufMotZp_Documents.dfm"
"C:\Projects\VSS\Typhoon22\Motivation\";"ufMotZp_InputMemo.dfm"
"C:\Projects\VSS\Typhoon22\Motivation\";"ufMotZp_KindScale.dfm"
"C:\Projects\VSS\Typhoon22\Motivation\";"ufMotZp_KindScale_Edit.dfm"
"C:\Projects\VSS\Typhoon22\Motivation\";"ufMotZp_ListCalc.dfm"
"C:\Projects\VSS\Typhoon22\Motivation\";"ufMotZp_ListCalc_Edit.dfm"
"C:\Projects\VSS\Typhoon22\Motivation\";"ufMotZp_LogImport.dfm"
"C:\Projects\VSS\Typhoon22\Motivation\";"ufMotZp_LogImport1C.dfm"
"C:\Projects\VSS\Typhoon22\Motivation\";"ufMotZp_LogImportBudget.dfm"
"C:\Projects\VSS\Typhoon22\Motivation\";"ufMotZp_MagDepartment.dfm"
"C:\Projects\VSS\Typhoon22\Motivation\";"ufMotZp_MagDepartment_Edit.dfm"
"C:\Projects\VSS\Typhoon22\Motivation\";"ufMotZp_MagSegment.dfm"
"C:\Projects\VSS\Typhoon22\Motivation\";"ufMotZp_MagSegment_Edit.dfm"
"C:\Projects\VSS\Typhoon22\Motivation\";"ufMotZp_NonBusinessDay.dfm"
"C:\Projects\VSS\Typhoon22\Motivation\";"ufMotZp_NonBusinessDay_Edit.dfm"
"C:\Projects\VSS\Typhoon22\Motivation\";"ufMotZp_PlanFactSale.dfm"
"C:\Projects\VSS\Typhoon22\Motivation\";"ufMotZp_PlanFactSale_Edit.dfm"
"C:\Projects\VSS\Typhoon22\Motivation\";"ufMotZp_RateMag.dfm"
"C:\Projects\VSS\Typhoon22\Motivation\";"ufMotZp_RateMagBasic.dfm"
"C:\Projects\VSS\Typhoon22\Motivation\";"ufMotZp_RateMagBasic_Edit.dfm"
"C:\Projects\VSS\Typhoon22\Motivation\";"ufMotZp_RateMag_ChangePost.dfm"
"C:\Projects\VSS\Typhoon22\Motivation\";"ufMotZp_RateMag_Edit.dfm"
"C:\Projects\VSS\Typhoon22\OS\";"udmOS.dfm"
"C:\Projects\VSS\Typhoon22\OS\";"ufFileArhive.dfm"
"C:\Projects\VSS\Typhoon22\OS\";"ufOCapitalInvest_Edit.dfm"
"C:\Projects\VSS\Typhoon22\OS\";"ufOCapitalInvest_Jornal.dfm"
"C:\Projects\VSS\Typhoon22\OS\";"ufOSEdit.dfm"
"C:\Projects\VSS\Typhoon22\OS\";"ufOS_IMOVINGS_Edit.dfm"
"C:\Projects\VSS\Typhoon22\OS\";"ufOS_IMOVINGS_Jornal.dfm"
"C:\Projects\VSS\Typhoon22\OS\";"ufOS_List.dfm"
"C:\Projects\VSS\Typhoon22\OS\";"ufOS_SelectOS.dfm"
"C:\Projects\VSS\Typhoon22\OS\";"ufOsMove.dfm"
"C:\Projects\VSS\Typhoon22\OS\";"ufOsRest.dfm"
"C:\Projects\VSS\Typhoon22\OS\";"ufOsWearEdit.dfm"
"C:\Projects\VSS\Typhoon22\OS\";"ufOsWearList.dfm"
"C:\Projects\VSS\Typhoon22\OTHERS\";"uKaft_dlg.dfm"
"C:\Projects\VSS\Typhoon22\OTHERS\";"uKaft_tbl_ie_okpo2kontragent.dfm"
"C:\Projects\VSS\Typhoon22\OTHERS\";"uKaft_tbl_ie_oper1c2tarif.dfm"
"C:\Projects\VSS\Typhoon22\OTHERS\";"u_imp_ecod.dfm"
"C:\Projects\VSS\Typhoon22\OTHERS\";"u_imp_ecod_goods.dfm"
"C:\Projects\VSS\Typhoon22\OTHERS\";"ufAdminMsg.dfm"
"C:\Projects\VSS\Typhoon22\OTHERS\";"ufAutomatFotoSale.dfm"
"C:\Projects\VSS\Typhoon22\OTHERS\";"ufAutomatIT.dfm"
"C:\Projects\VSS\Typhoon22\OTHERS\";"ufAutomatNORaspr.dfm"
"C:\Projects\VSS\Typhoon22\OTHERS\";"ufAutomatReturn.dfm"
"C:\Projects\VSS\Typhoon22\OTHERS\";"ufBeznalEditRule.dfm"
"C:\Projects\VSS\Typhoon22\OTHERS\";"ufBudOpl.dfm"
"C:\Projects\VSS\Typhoon22\OTHERS\";"ufBudOplCopy.dfm"
"C:\Projects\VSS\Typhoon22\OTHERS\";"ufBudOplEdit.dfm"
"C:\Projects\VSS\Typhoon22\OTHERS\";"ufBudOplFromDoc.dfm"
"C:\Projects\VSS\Typhoon22\OTHERS\";"ufBudOplVer.dfm"
"C:\Projects\VSS\Typhoon22\OTHERS\";"ufChPriceGroupProc.dfm"
"C:\Projects\VSS\Typhoon22\OTHERS\";"ufCheckKontrRest.dfm"
"C:\Projects\VSS\Typhoon22\OTHERS\";"ufCheckPerms.dfm"
"C:\Projects\VSS\Typhoon22\OTHERS\";"ufClientList.dfm"
"C:\Projects\VSS\Typhoon22\OTHERS\";"ufCloseBusPeriod.dfm"
"C:\Projects\VSS\Typhoon22\OTHERS\";"ufCommunications_Dict.dfm"
"C:\Projects\VSS\Typhoon22\OTHERS\";"ufCommunications_Dict_Edit.dfm"
"C:\Projects\VSS\Typhoon22\OTHERS\";"ufCommunications_Edit.dfm"
"C:\Projects\VSS\Typhoon22\OTHERS\";"ufCommunications_Jornal.dfm"
"C:\Projects\VSS\Typhoon22\OTHERS\";"ufCompetitor.dfm"
"C:\Projects\VSS\Typhoon22\OTHERS\";"ufConsRuleEdit.dfm"
"C:\Projects\VSS\Typhoon22\OTHERS\";"ufConsRuleGroups.dfm"
"C:\Projects\VSS\Typhoon22\OTHERS\";"ufConsRuleJournal.dfm"
"C:\Projects\VSS\Typhoon22\OTHERS\";"ufConsruleSel_Edit.dfm"
"C:\Projects\VSS\Typhoon22\OTHERS\";"ufConsruleSel_Jornal.dfm"
"C:\Projects\VSS\Typhoon22\OTHERS\";"ufCopyContactsKontr.dfm"
"C:\Projects\VSS\Typhoon22\OTHERS\";"ufCostToExcel.dfm"
"C:\Projects\VSS\Typhoon22\OTHERS\";"ufCrRequestEdit.dfm"
"C:\Projects\VSS\Typhoon22\OTHERS\";"ufCrRequests.dfm"
"C:\Projects\VSS\Typhoon22\OTHERS\";"ufCreateKontrNew.dfm"
"C:\Projects\VSS\Typhoon22\OTHERS\";"ufCreateKontrWizard.dfm"
"C:\Projects\VSS\Typhoon22\OTHERS\";"ufCredit_Capital.dfm"
"C:\Projects\VSS\Typhoon22\OTHERS\";"ufCredit_Capital_Edit.dfm"
"C:\Projects\VSS\Typhoon22\OTHERS\";"ufDbMailEdit.dfm"
"C:\Projects\VSS\Typhoon22\OTHERS\";"ufDbMailList.dfm"
"C:\Projects\VSS\Typhoon22\OTHERS\";"ufDeliveryDictionary.dfm"
"C:\Projects\VSS\Typhoon22\OTHERS\";"ufDocListSetting.dfm"
"C:\Projects\VSS\Typhoon22\OTHERS\";"ufDogCloseWizard.dfm"
"C:\Projects\VSS\Typhoon22\OTHERS\";"ufDogCurLimit.dfm"
"C:\Projects\VSS\Typhoon22\OTHERS\";"ufDogDateSucceed.dfm"
"C:\Projects\VSS\Typhoon22\OTHERS\";"ufDogList.dfm"
"C:\Projects\VSS\Typhoon22\OTHERS\";"ufDogMetroEdit.dfm"
"C:\Projects\VSS\Typhoon22\OTHERS\";"ufDogMetroList.dfm"
"C:\Projects\VSS\Typhoon22\OTHERS\";"ufDogPropHistory.dfm"
"C:\Projects\VSS\Typhoon22\OTHERS\";"ufDogProvCredit.dfm"
"C:\Projects\VSS\Typhoon22\OTHERS\";"ufDogSaldoDistribution.dfm"
"C:\Projects\VSS\Typhoon22\OTHERS\";"ufDogWizard.dfm"
"C:\Projects\VSS\Typhoon22\OTHERS\";"ufEditDogRole.dfm"
"C:\Projects\VSS\Typhoon22\OTHERS\";"ufEdit_Cred_Prov.dfm"
"C:\Projects\VSS\Typhoon22\OTHERS\";"ufFindPhoneInfo.dfm"
"C:\Projects\VSS\Typhoon22\OTHERS\";"ufGoodsCert.dfm"
"C:\Projects\VSS\Typhoon22\OTHERS\";"ufGoodsGrExtraFS.dfm"
"C:\Projects\VSS\Typhoon22\OTHERS\";"ufGoodsNotes.dfm"
"C:\Projects\VSS\Typhoon22\OTHERS\";"ufGoodsReservEdit.dfm"
"C:\Projects\VSS\Typhoon22\OTHERS\";"ufGoodsWarranty.dfm"
"C:\Projects\VSS\Typhoon22\OTHERS\";"ufGroupActionError.dfm"
"C:\Projects\VSS\Typhoon22\OTHERS\";"ufGroupActions.dfm"
"C:\Projects\VSS\Typhoon22\OTHERS\";"ufGroupBrandExp.dfm"
"C:\Projects\VSS\Typhoon22\OTHERS\";"ufGroupBrandExtra.dfm"
"C:\Projects\VSS\Typhoon22\OTHERS\";"ufGroupFs.dfm"
"C:\Projects\VSS\Typhoon22\OTHERS\";"ufGroupNac.dfm"
"C:\Projects\VSS\Typhoon22\OTHERS\";"ufHierarhy.dfm"
"C:\Projects\VSS\Typhoon22\OTHERS\";"ufISTrans.dfm"
"C:\Projects\VSS\Typhoon22\OTHERS\";"ufISTransCalculator.dfm"
"C:\Projects\VSS\Typhoon22\OTHERS\";"ufISTransJournal.dfm"
"C:\Projects\VSS\Typhoon22\OTHERS\";"ufImpAvtErrorPrice.dfm"
"C:\Projects\VSS\Typhoon22\OTHERS\";"ufImpAvtKontr.dfm"
"C:\Projects\VSS\Typhoon22\OTHERS\";"ufImpOrders.dfm"
"C:\Projects\VSS\Typhoon22\OTHERS\";"ufImpRasprRash.dfm"
"C:\Projects\VSS\Typhoon22\OTHERS\";"ufImportFromExcelWizard.dfm"
"C:\Projects\VSS\Typhoon22\OTHERS\";"ufImportOdessaDocs.dfm"
"C:\Projects\VSS\Typhoon22\OTHERS\";"ufImportPictureForGoods.dfm"
"C:\Projects\VSS\Typhoon22\OTHERS\";"ufInputSpec.dfm"
"C:\Projects\VSS\Typhoon22\OTHERS\";"ufInternalShipment.dfm"
"C:\Projects\VSS\Typhoon22\OTHERS\";"ufInternalShipmentCreateDelivery.dfm"
"C:\Projects\VSS\Typhoon22\OTHERS\";"ufInternalShipmentFilter.dfm"
"C:\Projects\VSS\Typhoon22\OTHERS\";"ufInternalShipmentInformation.dfm"
"C:\Projects\VSS\Typhoon22\OTHERS\";"ufInvAct.dfm"
"C:\Projects\VSS\Typhoon22\OTHERS\";"ufInvActJournal.dfm"
"C:\Projects\VSS\Typhoon22\OTHERS\";"ufInvActPeresort.dfm"
"C:\Projects\VSS\Typhoon22\OTHERS\";"ufInventInfo.dfm"
"C:\Projects\VSS\Typhoon22\OTHERS\";"ufKit.dfm"
"C:\Projects\VSS\Typhoon22\OTHERS\";"ufKontrDogGrMetro.dfm"
"C:\Projects\VSS\Typhoon22\OTHERS\";"ufKontrDogLimit.dfm"
"C:\Projects\VSS\Typhoon22\OTHERS\";"ufKontrDogLimitLog.dfm"
"C:\Projects\VSS\Typhoon22\OTHERS\";"ufKontrForImpAvt.dfm"
"C:\Projects\VSS\Typhoon22\OTHERS\";"ufKontrStockPriority.dfm"
"C:\Projects\VSS\Typhoon22\OTHERS\";"ufKred_Create_dog.dfm"
"C:\Projects\VSS\Typhoon22\OTHERS\";"ufKred_Dep_j.dfm"
"C:\Projects\VSS\Typhoon22\OTHERS\";"ufKred_Odmin.dfm"
"C:\Projects\VSS\Typhoon22\OTHERS\";"ufKred_dep_Edit.dfm"
"C:\Projects\VSS\Typhoon22\OTHERS\";"ufKred_hist_proc.dfm"
"C:\Projects\VSS\Typhoon22\OTHERS\";"ufLS.dfm"
"C:\Projects\VSS\Typhoon22\OTHERS\";"ufLSJournal.dfm"
"C:\Projects\VSS\Typhoon22\OTHERS\";"ufLinkOutContragents.dfm"
"C:\Projects\VSS\Typhoon22\OTHERS\";"ufLsRoles.dfm"
"C:\Projects\VSS\Typhoon22\OTHERS\";"ufMagazineInfo.dfm"
"C:\Projects\VSS\Typhoon22\OTHERS\";"ufMagazineReq.dfm"
"C:\Projects\VSS\Typhoon22\OTHERS\";"ufMagazineReqList.dfm"
"C:\Projects\VSS\Typhoon22\OTHERS\";"ufMake_doc_PDS.dfm"
"C:\Projects\VSS\Typhoon22\OTHERS\";"ufMobImp.dfm"
"C:\Projects\VSS\Typhoon22\OTHERS\";"ufMobKStar.dfm"
"C:\Projects\VSS\Typhoon22\OTHERS\";"ufMobilPay.dfm"
"C:\Projects\VSS\Typhoon22\OTHERS\";"ufMobilPayDet.dfm"
"C:\Projects\VSS\Typhoon22\OTHERS\";"ufNerez_Dict.dfm"
"C:\Projects\VSS\Typhoon22\OTHERS\";"ufNoteEdit.dfm"
"C:\Projects\VSS\Typhoon22\OTHERS\";"ufOrder_Reason.dfm"
"C:\Projects\VSS\Typhoon22\OTHERS\";"ufOtpravki.dfm"
"C:\Projects\VSS\Typhoon22\OTHERS\";"ufOverValue.dfm"
"C:\Projects\VSS\Typhoon22\OTHERS\";"ufOverestimationGoods.dfm"
"C:\Projects\VSS\Typhoon22\OTHERS\";"ufOverestimationHOParams.dfm"
"C:\Projects\VSS\Typhoon22\OTHERS\";"ufOverestimationJornal.dfm"
"C:\Projects\VSS\Typhoon22\OTHERS\";"ufPDS_Sprav.dfm"
"C:\Projects\VSS\Typhoon22\OTHERS\";"ufPalmSymbol.dfm"
"C:\Projects\VSS\Typhoon22\OTHERS\";"ufPreviewPic.dfm"
"C:\Projects\VSS\Typhoon22\OTHERS\";"ufProgress.dfm"
"C:\Projects\VSS\Typhoon22\OTHERS\";"ufRBonus.dfm"
"C:\Projects\VSS\Typhoon22\OTHERS\";"ufRBonusCrDoc.dfm"
"C:\Projects\VSS\Typhoon22\OTHERS\";"ufRBonusJournal.dfm"
"C:\Projects\VSS\Typhoon22\OTHERS\";"ufRBonusLGReqFact.dfm"
"C:\Projects\VSS\Typhoon22\OTHERS\";"ufRBonusLGReqPlan.dfm"
"C:\Projects\VSS\Typhoon22\OTHERS\";"ufRailWayCalc.dfm"
"C:\Projects\VSS\Typhoon22\OTHERS\";"ufRasprZatr.dfm"
"C:\Projects\VSS\Typhoon22\OTHERS\";"ufRasprZatrList.dfm"
"C:\Projects\VSS\Typhoon22\OTHERS\";"ufRecommendetRestGoods.dfm"
"C:\Projects\VSS\Typhoon22\OTHERS\";"ufRecommendetRestGoodsConfig.dfm"
"C:\Projects\VSS\Typhoon22\OTHERS\";"ufRecommendetRestGoods_Edit.dfm"
"C:\Projects\VSS\Typhoon22\OTHERS\";"ufRecommendet_Rest.dfm"
"C:\Projects\VSS\Typhoon22\OTHERS\";"ufRecommendet_Rest_Mon.dfm"
"C:\Projects\VSS\Typhoon22\OTHERS\";"ufRemoteSessInfo.dfm"
"C:\Projects\VSS\Typhoon22\OTHERS\";"ufRemoteStockKontr.dfm"
"C:\Projects\VSS\Typhoon22\OTHERS\";"ufRemote_Sravn.dfm"
"C:\Projects\VSS\Typhoon22\OTHERS\";"ufRemote_odmin.dfm"
"C:\Projects\VSS\Typhoon22\OTHERS\";"ufReserveSK_Desc.dfm"
"C:\Projects\VSS\Typhoon22\OTHERS\";"ufReserveSK_Edit.dfm"
"C:\Projects\VSS\Typhoon22\OTHERS\";"ufReserveSK_Jornal.dfm"
"C:\Projects\VSS\Typhoon22\OTHERS\";"ufReserveSK_Rests.dfm"
"C:\Projects\VSS\Typhoon22\OTHERS\";"ufRoutePlan.dfm"
"C:\Projects\VSS\Typhoon22\OTHERS\";"ufRoutePlanEdit.dfm"
"C:\Projects\VSS\Typhoon22\OTHERS\";"ufRouteShipment_Edit.dfm"
"C:\Projects\VSS\Typhoon22\OTHERS\";"ufRouteShipment_Jornal.dfm"
"C:\Projects\VSS\Typhoon22\OTHERS\";"ufSDRJournal.dfm"
"C:\Projects\VSS\Typhoon22\OTHERS\";"ufSR_EMPL_CAT_POST.dfm"
"C:\Projects\VSS\Typhoon22\OTHERS\";"ufSR_FS_POST.dfm"
"C:\Projects\VSS\Typhoon22\OTHERS\";"ufSZA.dfm"
"C:\Projects\VSS\Typhoon22\OTHERS\";"ufSZAJournal.dfm"
"C:\Projects\VSS\Typhoon22\OTHERS\";"ufSZAKons.dfm"
"C:\Projects\VSS\Typhoon22\OTHERS\";"ufSZAKonsJournal.dfm"
"C:\Projects\VSS\Typhoon22\OTHERS\";"ufSZAMakeDoc.dfm"
"C:\Projects\VSS\Typhoon22\OTHERS\";"ufSalePlan.dfm"
"C:\Projects\VSS\Typhoon22\OTHERS\";"ufSelectBussinesAndPeriod.dfm"
"C:\Projects\VSS\Typhoon22\OTHERS\";"ufSendPricesToExcel.dfm"
"C:\Projects\VSS\Typhoon22\OTHERS\";"ufSertificat.dfm"
"C:\Projects\VSS\Typhoon22\OTHERS\";"ufSertificatJournal.dfm"
"C:\Projects\VSS\Typhoon22\OTHERS\";"ufSetRevision.dfm"
"C:\Projects\VSS\Typhoon22\OTHERS\";"ufSetTrData.dfm"
"C:\Projects\VSS\Typhoon22\OTHERS\";"ufShipment_Template.dfm"
"C:\Projects\VSS\Typhoon22\OTHERS\";"ufShipment_Template_Edit.dfm"
"C:\Projects\VSS\Typhoon22\OTHERS\";"ufShipment_Template_Edit_Delivery.dfm"
"C:\Projects\VSS\Typhoon22\OTHERS\";"ufSplitRequestByStock.dfm"
"C:\Projects\VSS\Typhoon22\OTHERS\";"ufSupplierOrder.dfm"
"C:\Projects\VSS\Typhoon22\OTHERS\";"ufTaifSelect.dfm"
"C:\Projects\VSS\Typhoon22\OTHERS\";"ufTarifEdit.dfm"
"C:\Projects\VSS\Typhoon22\OTHERS\";"ufTarifs.dfm"
"C:\Projects\VSS\Typhoon22\OTHERS\";"ufTaxServiceCostCalc.dfm"
"C:\Projects\VSS\Typhoon22\OTHERS\";"ufTransNormative_Edit.dfm"
"C:\Projects\VSS\Typhoon22\OTHERS\";"ufTransNormative_Jornal.dfm"
"C:\Projects\VSS\Typhoon22\OTHERS\";"ufUtilization_Edit.dfm"
"C:\Projects\VSS\Typhoon22\OTHERS\";"ufUtilization_Jornal.dfm"
"C:\Projects\VSS\Typhoon22\OperPlan\";"ufJournalOper.dfm"
"C:\Projects\VSS\Typhoon22\OperPlan\";"ufOPDmMain.dfm"
"C:\Projects\VSS\Typhoon22\OperPlan\";"ufOPFilter.dfm"
"C:\Projects\VSS\Typhoon22\PODBOR\Dictionaries\";"uPBR_frmAppointments.dfm"
"C:\Projects\VSS\Typhoon22\PODBOR\Dictionaries\";"uPBR_frmCustomers.dfm"
"C:\Projects\VSS\Typhoon22\PODBOR\Dictionaries\";"uPBR_frmDictionaries.dfm"
"C:\Projects\VSS\Typhoon22\PODBOR\Dictionaries\";"uPBR_frmExperts.dfm"
"C:\Projects\VSS\Typhoon22\PODBOR\Reports\";"uPBR_dmReports.dfm"
"C:\Projects\VSS\Typhoon22\PODBOR\";"uPBR_DmMain.dfm"
"C:\Projects\VSS\Typhoon22\PODBOR\";"uPBR_frmAppointments.dfm"
"C:\Projects\VSS\Typhoon22\PODBOR\";"uPBR_frmCandidateEdit.dfm"
"C:\Projects\VSS\Typhoon22\PODBOR\";"uPBR_frmCandidateFilter.dfm"
"C:\Projects\VSS\Typhoon22\PODBOR\";"uPBR_frmCandidateSendMail.dfm"
"C:\Projects\VSS\Typhoon22\PODBOR\";"uPBR_frmCandidates.dfm"
"C:\Projects\VSS\Typhoon22\PODBOR\";"uPBR_frmPrintReports.dfm"
"C:\Projects\VSS\Typhoon22\PODBOR\";"uPBR_frmProperties.dfm"
"C:\Projects\VSS\Typhoon22\PODBOR\";"uPBR_frmRequestEdit.dfm"
"C:\Projects\VSS\Typhoon22\PODBOR\";"uPBR_frmRequests.dfm"
"C:\Projects\VSS\Typhoon22\PODBOR\";"uPBR_frmSelectCandidateProp.dfm"
"C:\Projects\VSS\Typhoon22\PODBOR\";"uPBR_frmUserCalendar.dfm"
"C:\Projects\VSS\Typhoon22\PODBOR\";"uPBR_frmUsers.dfm"
"C:\Projects\VSS\Typhoon22\Productions\";"ufProduction.dfm"
"C:\Projects\VSS\Typhoon22\Productions\";"ufProductionCost.dfm"
"C:\Projects\VSS\Typhoon22\Productions\";"ufProductionCostJornal.dfm"
"C:\Projects\VSS\Typhoon22\Productions\";"ufProductionCurrentState.dfm"
"C:\Projects\VSS\Typhoon22\Productions\";"ufProductionJornal.dfm"
"C:\Projects\VSS\Typhoon22\Productions\";"ufProductionJrnlSelectDialog.dfm"
"C:\Projects\VSS\Typhoon22\Productions\";"ufProductionSpecGoods.dfm"
"C:\Projects\VSS\Typhoon22\Productions\";"ufProductionSpecGoodsJornal.dfm"
"C:\Projects\VSS\Typhoon22\Productions\";"ufProductionZatratJournal.dfm"
"C:\Projects\VSS\Typhoon22\REMONT\";"ufRemontCard.dfm"
"C:\Projects\VSS\Typhoon22\REMONT\";"ufRemontList.dfm"
"C:\Projects\VSS\Typhoon22\REMONT\";"ufRemontLog.dfm"
"C:\Projects\VSS\Typhoon22\REMONT\";"ufRemontPlaceMaster.dfm"
"C:\Projects\VSS\Typhoon22\REMONT\";"ufRemontPreparetoPrint.dfm"
"C:\Projects\VSS\Typhoon22\REMONT\";"ufRemontPrice.dfm"
"C:\Projects\VSS\Typhoon22\REMONT\";"ufRemontPrintDoc.dfm"
"C:\Projects\VSS\Typhoon22\REMONT\";"ufRemontRest.dfm"
"C:\Projects\VSS\Typhoon22\REMONT\";"ufRemontSelectPlace.dfm"
"C:\Projects\VSS\Typhoon22\REMONT\";"ufRemontSummDateEdit.dfm"
"C:\Projects\VSS\Typhoon22\REPORTS\";"MyPrvDlg.dfm"
"C:\Projects\VSS\Typhoon22\REPORTS\";"uDmAktSverki.dfm"
"C:\Projects\VSS\Typhoon22\REPORTS\";"uDmDeliveryPriceList.dfm"
"C:\Projects\VSS\Typhoon22\REPORTS\";"uDmRepInterAccount.dfm"
"C:\Projects\VSS\Typhoon22\REPORTS\";"uDmRepMoneyOrder.dfm"
"C:\Projects\VSS\Typhoon22\REPORTS\";"uDmRepMoveGoods.dfm"
"C:\Projects\VSS\Typhoon22\REPORTS\";"uDmRepNC.dfm"
"C:\Projects\VSS\Typhoon22\REPORTS\";"uDmRepRemont.dfm"
"C:\Projects\VSS\Typhoon22\REPORTS\";"uDmRepRequest.dfm"
"C:\Projects\VSS\Typhoon22\REPORTS\";"uDmReports.dfm"
"C:\Projects\VSS\Typhoon22\REPORTS\";"uFxtRepExpIntnl.dfm"
"C:\Projects\VSS\Typhoon22\REPORTS\";"uFxtRepExport.dfm"
"C:\Projects\VSS\Typhoon22\REPORTS\";"ufGAPrintDocGroup.dfm"
"C:\Projects\VSS\Typhoon22\REPORTS\";"ufPreviewNaklad.dfm"
"C:\Projects\VSS\Typhoon22\REPORTS\";"ufPrintTTNakl.dfm"
"C:\Projects\VSS\Typhoon22\REPORTS\";"ufRepActVerifctn.dfm"
"C:\Projects\VSS\Typhoon22\REPORTS\";"ufRepCom.dfm"
"C:\Projects\VSS\Typhoon22\REPORTS\";"ufRepComFlt.dfm"
"C:\Projects\VSS\Typhoon22\REPORTS\";"ufRepJO.dfm"
"C:\Projects\VSS\Typhoon22\REPORTS\";"ufRepJOFlt.dfm"
"C:\Projects\VSS\Typhoon22\REPORTS\";"ufRepOB.dfm"
"C:\Projects\VSS\Typhoon22\REPORTS\";"ufRepOBC.dfm"
"C:\Projects\VSS\Typhoon22\REPORTS\";"ufRepOBCFlt.dfm"
"C:\Projects\VSS\Typhoon22\REPORTS\";"ufRepOBCKNTR.dfm"
"C:\Projects\VSS\Typhoon22\REPORTS\";"ufRepOBCKNTRFlt.dfm"
"C:\Projects\VSS\Typhoon22\REPORTS\";"ufRepOBDet.dfm"
"C:\Projects\VSS\Typhoon22\REPORTS\";"ufRepOBFlt.dfm"
"C:\Projects\VSS\Typhoon22\REPORTS\";"ufReportEdit.dfm"
"C:\Projects\VSS\Typhoon22\REPORTS\";"ufReportGroupEdit.dfm"
"C:\Projects\VSS\Typhoon22\REPORTS\";"ufReportLinkSource.dfm"
"C:\Projects\VSS\Typhoon22\REPORTS\";"ufReportSelectSource.dfm"
"C:\Projects\VSS\Typhoon22\REPORTS\";"ufReportSources.dfm"
"C:\Projects\VSS\Typhoon22\REPORTS\";"ufReportSourcesEdit.dfm"
"C:\Projects\VSS\Typhoon22\REPORTS\";"ufReportTreeEdit.dfm"
"C:\Projects\VSS\Typhoon22\REPORTS\";"urptNaklad.dfm"
"C:\Projects\VSS\Typhoon22\REPORTS\";"urptProfitAV.dfm"
"C:\Projects\VSS\Typhoon22\REPORTS\";"urptScet.dfm"
"C:\Projects\VSS\Typhoon22\Roznica\";"PropPage.dfm"
"C:\Projects\VSS\Typhoon22\Roznica\";"UfGift_journ.dfm"
"C:\Projects\VSS\Typhoon22\Roznica\";"UfMoves_mag.dfm"
"C:\Projects\VSS\Typhoon22\Roznica\";"dmCennik.dfm"
"C:\Projects\VSS\Typhoon22\Roznica\";"ufA_List.dfm"
"C:\Projects\VSS\Typhoon22\Roznica\";"ufAdd_goods.dfm"
"C:\Projects\VSS\Typhoon22\Roznica\";"ufAdd_osnov_del.dfm"
"C:\Projects\VSS\Typhoon22\Roznica\";"ufAkcii.dfm"
"C:\Projects\VSS\Typhoon22\Roznica\";"ufAkciya_prop.dfm"
"C:\Projects\VSS\Typhoon22\Roznica\";"ufBarcode.dfm"
"C:\Projects\VSS\Typhoon22\Roznica\";"ufCalc_money.dfm"
"C:\Projects\VSS\Typhoon22\Roznica\";"ufCennik.dfm"
"C:\Projects\VSS\Typhoon22\Roznica\";"ufCh_price.dfm"
"C:\Projects\VSS\Typhoon22\Roznica\";"ufCh_price_journ.dfm"
"C:\Projects\VSS\Typhoon22\Roznica\";"ufCli_Roz.dfm"
"C:\Projects\VSS\Typhoon22\Roznica\";"ufClient_kart.dfm"
"C:\Projects\VSS\Typhoon22\Roznica\";"ufClient_seek.dfm"
"C:\Projects\VSS\Typhoon22\Roznica\";"ufClient_wizard.dfm"
"C:\Projects\VSS\Typhoon22\Roznica\";"ufDelivery.dfm"
"C:\Projects\VSS\Typhoon22\Roznica\";"ufDict_roz.dfm"
"C:\Projects\VSS\Typhoon22\Roznica\";"ufDoc_r.dfm"
"C:\Projects\VSS\Typhoon22\Roznica\";"ufDoc_sales.dfm"
"C:\Projects\VSS\Typhoon22\Roznica\";"ufExport_Excel_kass.dfm"
"C:\Projects\VSS\Typhoon22\Roznica\";"ufExport_Excel_nakl.dfm"
"C:\Projects\VSS\Typhoon22\Roznica\";"ufExport_Excel_ware.dfm"
"C:\Projects\VSS\Typhoon22\Roznica\";"ufExport_sales.dfm"
"C:\Projects\VSS\Typhoon22\Roznica\";"ufFamily.dfm"
"C:\Projects\VSS\Typhoon22\Roznica\";"ufFiscal.dfm"
"C:\Projects\VSS\Typhoon22\Roznica\";"ufGaRest_R.dfm"
"C:\Projects\VSS\Typhoon22\Roznica\";"ufGet_adr.dfm"
"C:\Projects\VSS\Typhoon22\Roznica\";"ufGoods.dfm"
"C:\Projects\VSS\Typhoon22\Roznica\";"ufGoods_Gr_Edit.dfm"
"C:\Projects\VSS\Typhoon22\Roznica\";"ufImport_doc.dfm"
"C:\Projects\VSS\Typhoon22\Roznica\";"ufInc_docs.dfm"
"C:\Projects\VSS\Typhoon22\Roznica\";"ufJourn_razn_opl.dfm"
"C:\Projects\VSS\Typhoon22\Roznica\";"ufKassa_Report.dfm"
"C:\Projects\VSS\Typhoon22\Roznica\";"ufMoves_j.dfm"
"C:\Projects\VSS\Typhoon22\Roznica\";"ufOdmin.dfm"
"C:\Projects\VSS\Typhoon22\Roznica\";"ufPrice_Journ.dfm"
"C:\Projects\VSS\Typhoon22\Roznica\";"ufPrice_List.dfm"
"C:\Projects\VSS\Typhoon22\Roznica\";"ufPrice_g_hist.dfm"
"C:\Projects\VSS\Typhoon22\Roznica\";"ufPrint_Peports.dfm"
"C:\Projects\VSS\Typhoon22\Roznica\";"ufProp_List.dfm"
"C:\Projects\VSS\Typhoon22\Roznica\";"ufProp_Print_Forms.dfm"
"C:\Projects\VSS\Typhoon22\Roznica\";"ufProp_inc_doc.dfm"
"C:\Projects\VSS\Typhoon22\Roznica\";"ufRegister_desk.dfm"
"C:\Projects\VSS\Typhoon22\Roznica\";"ufRetail_journal.dfm"
"C:\Projects\VSS\Typhoon22\Roznica\";"ufRoz_main.dfm"
"C:\Projects\VSS\Typhoon22\Roznica\";"ufSelect_Sort.dfm"
"C:\Projects\VSS\Typhoon22\Roznica\";"ufTTN.dfm"
"C:\Projects\VSS\Typhoon22\Roznica\";"ufTov_gr.dfm"
"C:\Projects\VSS\Typhoon22\Roznica\";"ufVhod_goods.dfm"
"C:\Projects\VSS\Typhoon22\ServiceDesk\";"udmSD_Dictionaries.dfm"
"C:\Projects\VSS\Typhoon22\ServiceDesk\";"udmSD_Main.dfm"
"C:\Projects\VSS\Typhoon22\ServiceDesk\";"udmSD_Reports.dfm"
"C:\Projects\VSS\Typhoon22\ServiceDesk\";"ufDecision.dfm"
"C:\Projects\VSS\Typhoon22\ServiceDesk\";"ufDecisions.dfm"
"C:\Projects\VSS\Typhoon22\ServiceDesk\";"ufHistoryPassLog.dfm"
"C:\Projects\VSS\Typhoon22\ServiceDesk\";"ufMailTemplateEdit.dfm"
"C:\Projects\VSS\Typhoon22\ServiceDesk\";"ufPatterns.dfm"
"C:\Projects\VSS\Typhoon22\ServiceDesk\";"ufResChConfJournal.dfm"
"C:\Projects\VSS\Typhoon22\ServiceDesk\";"ufResChangeConf.dfm"
"C:\Projects\VSS\Typhoon22\ServiceDesk\";"ufResChangeRekv.dfm"
"C:\Projects\VSS\Typhoon22\ServiceDesk\";"ufResLinkUserKE.dfm"
"C:\Projects\VSS\Typhoon22\ServiceDesk\";"ufResMakeLinks.dfm"
"C:\Projects\VSS\Typhoon22\ServiceDesk\";"ufResProfile.dfm"
"C:\Projects\VSS\Typhoon22\ServiceDesk\";"ufResProfilesJournal.dfm"
"C:\Projects\VSS\Typhoon22\ServiceDesk\";"ufRes_gredit.dfm"
"C:\Projects\VSS\Typhoon22\ServiceDesk\";"ufResource.dfm"
"C:\Projects\VSS\Typhoon22\ServiceDesk\";"ufResourceKart.dfm"
"C:\Projects\VSS\Typhoon22\ServiceDesk\";"ufResourceKat.dfm"
"C:\Projects\VSS\Typhoon22\ServiceDesk\";"ufResourceType.dfm"
"C:\Projects\VSS\Typhoon22\ServiceDesk\";"ufResources.dfm"
"C:\Projects\VSS\Typhoon22\ServiceDesk\";"ufResourcesRefRekv.dfm"
"C:\Projects\VSS\Typhoon22\ServiceDesk\";"ufSD_Dictionaries.dfm"
"C:\Projects\VSS\Typhoon22\ServiceDesk\";"ufSD_ImportMails.dfm"
"C:\Projects\VSS\Typhoon22\ServiceDesk\";"ufSD_IncidentMaster.dfm"
"C:\Projects\VSS\Typhoon22\ServiceDesk\";"ufSD_MailList.dfm"
"C:\Projects\VSS\Typhoon22\ServiceDesk\";"ufSD_MailTemplateEdit.dfm"
"C:\Projects\VSS\Typhoon22\ServiceDesk\";"ufSD_MailTemplates.dfm"
"C:\Projects\VSS\Typhoon22\ServiceDesk\";"ufSD_RequestAct.dfm"
"C:\Projects\VSS\Typhoon22\ServiceDesk\";"ufSD_RequestActAdd.dfm"
"C:\Projects\VSS\Typhoon22\ServiceDesk\";"ufSD_RequestActView.dfm"
"C:\Projects\VSS\Typhoon22\ServiceDesk\";"ufSD_RequestAppoint.dfm"
"C:\Projects\VSS\Typhoon22\ServiceDesk\";"ufSD_RequestDivide.dfm"
"C:\Projects\VSS\Typhoon22\ServiceDesk\";"ufSD_RequestEdit.dfm"
"C:\Projects\VSS\Typhoon22\ServiceDesk\";"ufSD_RequestMaster.dfm"
"C:\Projects\VSS\Typhoon22\ServiceDesk\";"ufSD_RequestMasterCopy.dfm"
"C:\Projects\VSS\Typhoon22\ServiceDesk\";"ufSD_Requests.dfm"
"C:\Projects\VSS\Typhoon22\ServiceDesk\";"ufSD_RequestsLinksAdd.dfm"
"C:\Projects\VSS\Typhoon22\ServiceDesk\";"ufSD_TaskUserList.dfm"
"C:\Projects\VSS\Typhoon22\ServiceDesk\";"ufSD_Templates.dfm"
"C:\Projects\VSS\Typhoon22\ServiceDesk\";"ufTransportSheluder.dfm"
"C:\Projects\VSS\Typhoon22\TEMPLATES\_d05\";"utmpPropEdit.dfm"
"C:\Projects\VSS\Typhoon22\TEMPLATES\_deprecated\";"uTmpGoods.dfm"
"C:\Projects\VSS\Typhoon22\TEMPLATES\_deprecated\";"utmpGaGoods.dfm"
"C:\Projects\VSS\Typhoon22\TEMPLATES\";"uTmpPrintDocument.dfm"
"C:\Projects\VSS\Typhoon22\TEMPLATES\";"uTmpPrintReports.dfm"
"C:\Projects\VSS\Typhoon22\TEMPLATES\";"ucxTmpGaGoods.dfm"
"C:\Projects\VSS\Typhoon22\TEMPLATES\";"ucxTmpGoods.dfm"
"C:\Projects\VSS\Typhoon22\TEMPLATES\";"ufPropHistory.dfm"
"C:\Projects\VSS\Typhoon22\TEMPLATES\";"utmpAnalyticForm.dfm"
"C:\Projects\VSS\Typhoon22\TEMPLATES\";"utmpForm.dfm"
"C:\Projects\VSS\Typhoon22\TEMPLATES\";"utmpFormData.dfm"
"C:\Projects\VSS\Typhoon22\TEMPLATES\";"utmpFormDict_Office.dfm"
"C:\Projects\VSS\Typhoon22\TEMPLATES\";"utmpModalEdit.dfm"
"C:\Projects\VSS\Typhoon22\TEMPLATES\";"utmpPrint.dfm"
"C:\Projects\VSS\Typhoon22\TEMPLATES\";"utmpPropEdit.dfm"
"C:\Projects\VSS\Typhoon22\TRUCKS\";"uTruckFilter.dfm"
"C:\Projects\VSS\Typhoon22\TRUCKS\";"uTruckReports.dfm"
"C:\Projects\VSS\Typhoon22\TRUCKS\";"uTruckSprav.dfm"
"C:\Projects\VSS\Typhoon22\TRUCKS\";"udmTruckRep.dfm"
"C:\Projects\VSS\Typhoon22\TRUCKS\";"ufCustGoods.dfm"
"C:\Projects\VSS\Typhoon22\TRUCKS\";"ufEditOrder.dfm"
"C:\Projects\VSS\Typhoon22\TRUCKS\";"ufEditTruck.dfm"
"C:\Projects\VSS\Typhoon22\TRUCKS\";"ufJornalOrders.dfm"
"C:\Projects\VSS\Typhoon22\TRUCKS\";"ufJornalTrucks.dfm"
"C:\Projects\VSS\Typhoon22\TRUCKS\";"ufLinkOrderToTruck.dfm"
"C:\Projects\VSS\Typhoon22\TRUCKS\";"ufMoveCross.dfm"
"C:\Projects\VSS\Typhoon22\TRUCKS\";"ufMoveCrossEnt.dfm"
"C:\Projects\VSS\Typhoon22\TRUCKS\";"ufMoveReq.dfm"
"C:\Projects\VSS\Typhoon22\TRUCKS\";"ufTruckAutoExpList.dfm"
"C:\Projects\VSS\Typhoon22\TRUCKS\";"ufTruckCertEdit.dfm"
"C:\Projects\VSS\Typhoon22\TRUCKS\";"ufTruckCustPriceChange.dfm"
"C:\Projects\VSS\Typhoon22\TRUCKS\";"ufTruckExpList.dfm"
"C:\Projects\VSS\Typhoon22\TRUCKS\";"ufTruckNumDevices.dfm"
"C:\Projects\VSS\Typhoon22\UTILS\";"ufAdminApp.dfm"
"C:\Projects\VSS\Typhoon22\UTILS\";"ufTimeDepend.dfm"
"C:\Projects\VSS\Typhoon22\";"UfAutomaticPassw.dfm"
"C:\Projects\VSS\Typhoon22\";"Ufreq_price.dfm"
"C:\Projects\VSS\Typhoon22\";"Ufsummdateedit.dfm"
"C:\Projects\VSS\Typhoon22\ZP\";"ufAS.dfm"
"C:\Projects\VSS\Typhoon22\ZP\";"ufAS_Edit.dfm"
"C:\Projects\VSS\Typhoon22\ZP\";"ufBase.dfm"
"C:\Projects\VSS\Typhoon22\ZP\";"ufDeviationEdit.dfm"
"C:\Projects\VSS\Typhoon22\ZP\";"ufDeviationJornal.dfm"
"C:\Projects\VSS\Typhoon22\ZP\";"ufDialogRecalcAs.dfm"
"C:\Projects\VSS\Typhoon22\ZP\";"ufDialogRecalcEmp.dfm"
"C:\Projects\VSS\Typhoon22\ZP\";"ufEmpBonusNew.dfm"
"C:\Projects\VSS\Typhoon22\ZP\";"ufEmpDebt.dfm"
"C:\Projects\VSS\Typhoon22\ZP\";"ufEmplDebtList.dfm"
"C:\Projects\VSS\Typhoon22\ZP\";"ufGUARD_TIMEBOARDS.dfm"
"C:\Projects\VSS\Typhoon22\ZP\";"ufGUARD_TIMEBOARDSList.dfm"
"C:\Projects\VSS\Typhoon22\ZP\";"ufGuardParam.dfm"
"C:\Projects\VSS\Typhoon22\ZP\";"ufGuard_Sum.dfm"
"C:\Projects\VSS\Typhoon22\ZP\";"ufMakePayCalendar.dfm"
"C:\Projects\VSS\Typhoon22\ZP\";"ufPayrollEdit.dfm"
"C:\Projects\VSS\Typhoon22\ZP\";"ufPayrollList.dfm"
"C:\Projects\VSS\Typhoon22\ZP\";"ufPayrollPayment.dfm"
"C:\Projects\VSS\Typhoon22\ZP\";"ufPayrollSumEdit.dfm"
"C:\Projects\VSS\Typhoon22\ZP\";"ufZPBankFiles.dfm"
"C:\Projects\VSS\Typhoon22\ZP\";"ufZPBonus.dfm"
"C:\Projects\VSS\Typhoon22\ZP\";"ufZPFileFromBank.dfm"
"C:\Projects\VSS\Typhoon22\ZP\";"ufZPGlobalPeriods.dfm"
"C:\Projects\VSS\Typhoon22\ZP\";"ufZPMain.dfm"
"C:\Projects\VSS\Typhoon22\ZP\";"uframeAS.dfm"
"C:\Projects\VSS\Typhoon22\_deprecated\";"uTmpGoods.dfm"
"C:\Projects\VSS\Typhoon22\_deprecated\";"ufGaMove_OLD.dfm"
"C:\Projects\VSS\Typhoon22\_deprecated\";"ufGaRest_OLD.dfm"
"C:\Projects\VSS\Typhoon22\_deprecated\";"ufNc.dfm"
"C:\Projects\VSS\Typhoon22\_deprecated\";"ufNcFind.dfm"
"C:\Projects\VSS\Typhoon22\_deprecated\";"ufNcPrice.dfm"
"C:\Projects\VSS\Typhoon22\_deprecated\";"ufNcRest.dfm"
"C:\Projects\VSS\Typhoon22\_deprecated\";"ufNc_Main.dfm"
"C:\Projects\VSS\Typhoon22\_make_tools\ResFile\";"Unit1.dfm"
"C:\Projects\VSS\Typhoon22\";"uKonsRests.dfm"
"C:\Projects\VSS\Typhoon22\";"uLtdinfo.dfm"
"C:\Projects\VSS\Typhoon22\";"uMainForm.dfm"
"C:\Projects\VSS\Typhoon22\";"uTmpGoods.dfm"
"C:\Projects\VSS\Typhoon22\";"ufActSverki.dfm"
"C:\Projects\VSS\Typhoon22\";"ufAddRekvDocFromOS.dfm"
"C:\Projects\VSS\Typhoon22\";"ufAdressEdit.dfm"
"C:\Projects\VSS\Typhoon22\";"ufBank.dfm"
"C:\Projects\VSS\Typhoon22\";"ufBankAddInfo.dfm"
"C:\Projects\VSS\Typhoon22\";"ufBankCheck.dfm"
"C:\Projects\VSS\Typhoon22\";"ufBankFilter.dfm"
"C:\Projects\VSS\Typhoon22\";"ufBankOKPORules.dfm"
"C:\Projects\VSS\Typhoon22\";"ufBankProps.dfm"
"C:\Projects\VSS\Typhoon22\";"ufBankRecord.dfm"
"C:\Projects\VSS\Typhoon22\";"ufBankRestDay.dfm"
"C:\Projects\VSS\Typhoon22\";"ufBanks_Jornal.dfm"
"C:\Projects\VSS\Typhoon22\";"ufBanks_RecEdit.dfm"
"C:\Projects\VSS\Typhoon22\";"ufCBUKontr_BT.dfm"
"C:\Projects\VSS\Typhoon22\";"ufCalculator.dfm"
"C:\Projects\VSS\Typhoon22\";"ufCashJornal.dfm"
"C:\Projects\VSS\Typhoon22\";"ufCashJornalDet.dfm"
"C:\Projects\VSS\Typhoon22\";"ufCashJornalSuperNew.dfm"
"C:\Projects\VSS\Typhoon22\";"ufCashSelect.dfm"
"C:\Projects\VSS\Typhoon22\";"ufCertCurrent.dfm"
"C:\Projects\VSS\Typhoon22\";"ufCertPreview.dfm"
"C:\Projects\VSS\Typhoon22\";"ufCertificates.dfm"
"C:\Projects\VSS\Typhoon22\";"ufChangeQty.dfm"
"C:\Projects\VSS\Typhoon22\";"ufChangeRateInBank.dfm"
"C:\Projects\VSS\Typhoon22\";"ufChangeRateInBank_BT.dfm"
"C:\Projects\VSS\Typhoon22\";"ufChangeXO.dfm"
"C:\Projects\VSS\Typhoon22\";"ufCheckKonsig.dfm"
"C:\Projects\VSS\Typhoon22\";"ufCheckRestByMovies.dfm"
"C:\Projects\VSS\Typhoon22\";"ufClearingJournal.dfm"
"C:\Projects\VSS\Typhoon22\";"ufCloneKontragent.dfm"
"C:\Projects\VSS\Typhoon22\";"ufConsolidation.dfm"
"C:\Projects\VSS\Typhoon22\";"ufConsolidationEdit.dfm"
"C:\Projects\VSS\Typhoon22\";"ufConsolidationRules.dfm"
"C:\Projects\VSS\Typhoon22\";"ufConsolidationRulesEdit.dfm"
"C:\Projects\VSS\Typhoon22\";"ufCoop.dfm"
"C:\Projects\VSS\Typhoon22\";"ufCountry_Brands.dfm"
"C:\Projects\VSS\Typhoon22\";"ufCreateTransByDistrib.dfm"
"C:\Projects\VSS\Typhoon22\";"ufCreateTransToRoad.dfm"
"C:\Projects\VSS\Typhoon22\";"ufCreateUser.dfm"
"C:\Projects\VSS\Typhoon22\";"ufCredits.dfm"
"C:\Projects\VSS\Typhoon22\";"ufCreditsDog.dfm"
"C:\Projects\VSS\Typhoon22\";"ufCreditsPrint.dfm"
"C:\Projects\VSS\Typhoon22\";"ufDebugConfig.dfm"
"C:\Projects\VSS\Typhoon22\";"ufDebugMessages.dfm"
"C:\Projects\VSS\Typhoon22\";"ufDeliveryPriceList.dfm"
"C:\Projects\VSS\Typhoon22\";"ufDiffK_IDSet.dfm"
"C:\Projects\VSS\Typhoon22\";"ufDiffRest.dfm"
"C:\Projects\VSS\Typhoon22\";"ufDocFiles.dfm"
"C:\Projects\VSS\Typhoon22\";"ufDocsJornal_BT.dfm"
"C:\Projects\VSS\Typhoon22\";"ufDocsJornal_BT_Base.dfm"
"C:\Projects\VSS\Typhoon22\";"ufDocsTransAttr.dfm"
"C:\Projects\VSS\Typhoon22\";"ufDocument.dfm"
"C:\Projects\VSS\Typhoon22\";"ufDog_Supl_Dict.dfm"
"C:\Projects\VSS\Typhoon22\";"ufDog_Suppl.dfm"
"C:\Projects\VSS\Typhoon22\";"ufDog_SupplHist.dfm"
"C:\Projects\VSS\Typhoon22\";"ufDogovorInfo.dfm"
"C:\Projects\VSS\Typhoon22\";"ufEd_Izm_Edit.dfm"
"C:\Projects\VSS\Typhoon22\";"ufFS_Edit.dfm"
"C:\Projects\VSS\Typhoon22\";"ufFS_List.dfm"
"C:\Projects\VSS\Typhoon22\";"ufFilter.dfm"
"C:\Projects\VSS\Typhoon22\";"ufFilterCreator.dfm"
"C:\Projects\VSS\Typhoon22\";"ufFilterNew.dfm"
"C:\Projects\VSS\Typhoon22\";"ufFilterSave.dfm"
"C:\Projects\VSS\Typhoon22\";"ufGAPrintDoc.dfm"
"C:\Projects\VSS\Typhoon22\";"ufGMove.dfm"
"C:\Projects\VSS\Typhoon22\";"ufGMove_BT.dfm"
"C:\Projects\VSS\Typhoon22\";"ufGaKontrInfo.dfm"
"C:\Projects\VSS\Typhoon22\";"ufGaMove.dfm"
"C:\Projects\VSS\Typhoon22\";"ufGaMovings.dfm"
"C:\Projects\VSS\Typhoon22\";"ufGaPrintNakl.dfm"
"C:\Projects\VSS\Typhoon22\";"ufGaRest.dfm"
"C:\Projects\VSS\Typhoon22\";"ufGaRestCopy.dfm"
"C:\Projects\VSS\Typhoon22\";"ufGoodAddEdit.dfm"
"C:\Projects\VSS\Typhoon22\";"ufGoodsDescr.dfm"
"C:\Projects\VSS\Typhoon22\";"ufGoodsDuplicat.dfm"
"C:\Projects\VSS\Typhoon22\";"ufGoodsFromRequest.dfm"
"C:\Projects\VSS\Typhoon22\";"ufGoodsGr.dfm"
"C:\Projects\VSS\Typhoon22\";"ufGoodsGr_Perc.dfm"
"C:\Projects\VSS\Typhoon22\";"ufGoodsInvNew.dfm"
"C:\Projects\VSS\Typhoon22\";"ufGoodsNew.dfm"
"C:\Projects\VSS\Typhoon22\";"ufGoodsPropEdit.dfm"
"C:\Projects\VSS\Typhoon22\";"ufGoodsPropEditHist.dfm"
"C:\Projects\VSS\Typhoon22\";"ufGoodsShowLiked.dfm"
"C:\Projects\VSS\Typhoon22\";"ufGridForm.dfm"
"C:\Projects\VSS\Typhoon22\";"ufIEBrowser.dfm"
"C:\Projects\VSS\Typhoon22\";"ufImportGoods.dfm"
"C:\Projects\VSS\Typhoon22\";"ufImport_rezrv.dfm"
"C:\Projects\VSS\Typhoon22\";"ufImportfromExcel.dfm"
"C:\Projects\VSS\Typhoon22\";"ufImpotr_rez_barcode.dfm"
"C:\Projects\VSS\Typhoon22\";"ufInTelephones.dfm"
"C:\Projects\VSS\Typhoon22\";"ufIncomInfoChangePrice.dfm"
"C:\Projects\VSS\Typhoon22\";"ufIncomInfoGoods.dfm"
"C:\Projects\VSS\Typhoon22\";"ufIncomOpen.dfm"
"C:\Projects\VSS\Typhoon22\";"ufIncomZatr.dfm"
"C:\Projects\VSS\Typhoon22\";"ufInputNumMoveRequest.dfm"
"C:\Projects\VSS\Typhoon22\";"ufInputString.dfm"
"C:\Projects\VSS\Typhoon22\";"ufInventInfo.dfm"
"C:\Projects\VSS\Typhoon22\";"ufInvoicePodbor.dfm"
"C:\Projects\VSS\Typhoon22\";"ufInvoice_Edit.dfm"
"C:\Projects\VSS\Typhoon22\";"ufInvoice_Jornal.dfm"
"C:\Projects\VSS\Typhoon22\";"ufJobs.dfm"
"C:\Projects\VSS\Typhoon22\";"ufJornal.dfm"
"C:\Projects\VSS\Typhoon22\";"ufJornal_BT.dfm"
"C:\Projects\VSS\Typhoon22\";"ufJornal_MoviesAlaOld.dfm"
"C:\Projects\VSS\Typhoon22\";"ufJornal_MoviesNew.dfm"
"C:\Projects\VSS\Typhoon22\";"ufKGMove.dfm"
"C:\Projects\VSS\Typhoon22\";"ufKassa.dfm"
"C:\Projects\VSS\Typhoon22\";"ufKassaNew.dfm"
"C:\Projects\VSS\Typhoon22\";"ufKassaNew_BT.dfm"
"C:\Projects\VSS\Typhoon22\";"ufKoeff.dfm"
"C:\Projects\VSS\Typhoon22\";"ufKons.dfm"
"C:\Projects\VSS\Typhoon22\";"ufKonsBadRows.dfm"
"C:\Projects\VSS\Typhoon22\";"ufKonsGoodSum.dfm"
"C:\Projects\VSS\Typhoon22\";"ufKonsNamReport.dfm"
"C:\Projects\VSS\Typhoon22\";"ufKonsRests.dfm"
"C:\Projects\VSS\Typhoon22\";"ufKonsigRest.dfm"
"C:\Projects\VSS\Typhoon22\";"ufKontrAnalyticProp.dfm"
"C:\Projects\VSS\Typhoon22\";"ufKontrContactDetEdit.dfm"
"C:\Projects\VSS\Typhoon22\";"ufKontrContactDialog.dfm"
"C:\Projects\VSS\Typhoon22\";"ufKontrContactEdit.dfm"
"C:\Projects\VSS\Typhoon22\";"ufKontrContactJurDogEdit.dfm"
"C:\Projects\VSS\Typhoon22\";"ufKontrEdit.dfm"
"C:\Projects\VSS\Typhoon22\";"ufKontrFilter.dfm"
"C:\Projects\VSS\Typhoon22\";"ufKontrInfo.dfm"
"C:\Projects\VSS\Typhoon22\";"ufKontrPerms.dfm"
"C:\Projects\VSS\Typhoon22\";"ufKontrPermsLog.dfm"
"C:\Projects\VSS\Typhoon22\";"ufKontrRecipientEdit.dfm"
"C:\Projects\VSS\Typhoon22\";"ufKontragents.dfm"
"C:\Projects\VSS\Typhoon22\";"ufKontragents_BT.dfm"
"C:\Projects\VSS\Typhoon22\";"ufLimitEdit.dfm"
"C:\Projects\VSS\Typhoon22\";"ufLog.dfm"
"C:\Projects\VSS\Typhoon22\";"ufLogHistory.dfm"
"C:\Projects\VSS\Typhoon22\";"ufLtdSaldo_GRN.dfm"
"C:\Projects\VSS\Typhoon22\";"ufLtdSaldo_USD.dfm"
"C:\Projects\VSS\Typhoon22\";"ufMakePayCalendar.dfm"
"C:\Projects\VSS\Typhoon22\";"ufManagers.dfm"
"C:\Projects\VSS\Typhoon22\";"ufMasterCreateMovie.dfm"
"C:\Projects\VSS\Typhoon22\";"ufMasterExportPInvoiceToWord.dfm"
"C:\Projects\VSS\Typhoon22\";"ufModal_doc_i.dfm"
"C:\Projects\VSS\Typhoon22\";"ufMoviesByGoodInvoice.dfm"
"C:\Projects\VSS\Typhoon22\";"ufMoviesLog.dfm"
"C:\Projects\VSS\Typhoon22\";"ufMovies_BT.dfm"
"C:\Projects\VSS\Typhoon22\";"ufMovies_New.dfm"
"C:\Projects\VSS\Typhoon22\";"ufMovies_Prep.dfm"
"C:\Projects\VSS\Typhoon22\";"ufNewKontrProp.dfm"
"C:\Projects\VSS\Typhoon22\";"ufOpenDocChilds.dfm"
"C:\Projects\VSS\Typhoon22\";"ufOracleLogonWithDescr.dfm"
"C:\Projects\VSS\Typhoon22\";"ufOrderCredits.dfm"
"C:\Projects\VSS\Typhoon22\";"ufOrderHistory.dfm"
"C:\Projects\VSS\Typhoon22\";"ufOstTekZakaz.dfm"
"C:\Projects\VSS\Typhoon22\";"ufOverDraft.dfm"
"C:\Projects\VSS\Typhoon22\";"ufOverDraftNew.dfm"
"C:\Projects\VSS\Typhoon22\";"ufPCostSpec.dfm"
"C:\Projects\VSS\Typhoon22\";"ufPhysPerson_Jornal.dfm"
"C:\Projects\VSS\Typhoon22\";"ufPhysPerson_RecEdit.dfm"
"C:\Projects\VSS\Typhoon22\";"ufPreviewFrame.dfm"
"C:\Projects\VSS\Typhoon22\";"ufPriceChangesHistory.dfm"
"C:\Projects\VSS\Typhoon22\";"ufPriceNew.dfm"
"C:\Projects\VSS\Typhoon22\";"ufPriceNewWares.dfm"
"C:\Projects\VSS\Typhoon22\";"ufPrintCredits.dfm"
"C:\Projects\VSS\Typhoon22\";"ufPrintCreditsOfKontr.dfm"
"C:\Projects\VSS\Typhoon22\";"ufPrintNakl.dfm"
"C:\Projects\VSS\Typhoon22\";"ufPrintNaklCheckParam.dfm"
"C:\Projects\VSS\Typhoon22\";"ufPrintPrice.dfm"
"C:\Projects\VSS\Typhoon22\";"ufPrintedDocuments.dfm"
"C:\Projects\VSS\Typhoon22\";"ufProfileRecalc.dfm"
"C:\Projects\VSS\Typhoon22\";"ufPropEdit.dfm"
"C:\Projects\VSS\Typhoon22\";"ufRate.dfm"
"C:\Projects\VSS\Typhoon22\";"ufRates.dfm"
"C:\Projects\VSS\Typhoon22\";"ufRatesCat.dfm"
"C:\Projects\VSS\Typhoon22\";"ufRatesNew.dfm"
"C:\Projects\VSS\Typhoon22\";"ufRatesWorkHist.dfm"
"C:\Projects\VSS\Typhoon22\";"ufRatesWorkHist_BT.dfm"
"C:\Projects\VSS\Typhoon22\";"ufRecordView.dfm"
"C:\Projects\VSS\Typhoon22\";"ufReportLTD.dfm"
"C:\Projects\VSS\Typhoon22\";"ufRequest.dfm"
"C:\Projects\VSS\Typhoon22\";"ufRequestErrorImport.dfm"
"C:\Projects\VSS\Typhoon22\";"ufRequestIdent.dfm"
"C:\Projects\VSS\Typhoon22\";"ufRequestList.dfm"
"C:\Projects\VSS\Typhoon22\";"ufReturns.dfm"
"C:\Projects\VSS\Typhoon22\";"ufRival.dfm"
"C:\Projects\VSS\Typhoon22\";"ufSearch.dfm"
"C:\Projects\VSS\Typhoon22\";"ufSelGroop.dfm"
"C:\Projects\VSS\Typhoon22\";"ufSelectCoop.dfm"
"C:\Projects\VSS\Typhoon22\";"ufSelectDogovor.dfm"
"C:\Projects\VSS\Typhoon22\";"ufSelectFS.dfm"
"C:\Projects\VSS\Typhoon22\";"ufSelectGoods.dfm"
"C:\Projects\VSS\Typhoon22\";"ufSelectGroupsZatrat.dfm"
"C:\Projects\VSS\Typhoon22\";"ufSelectedGoods.dfm"
"C:\Projects\VSS\Typhoon22\";"ufSelfCost.dfm"
"C:\Projects\VSS\Typhoon22\";"ufSelfCost_New.dfm"
"C:\Projects\VSS\Typhoon22\";"ufSelfCost_w_price.dfm"
"C:\Projects\VSS\Typhoon22\";"ufSendPrices.dfm"
"C:\Projects\VSS\Typhoon22\";"ufSendReport.dfm"
"C:\Projects\VSS\Typhoon22\";"ufSetGOSTProps.dfm"
"C:\Projects\VSS\Typhoon22\";"ufSettingForm.dfm"
"C:\Projects\VSS\Typhoon22\";"ufShopExchange.dfm"
"C:\Projects\VSS\Typhoon22\";"ufSingleErrorMessage.dfm"
"C:\Projects\VSS\Typhoon22\";"ufSpecial.dfm"
"C:\Projects\VSS\Typhoon22\";"ufSplash.dfm"
"C:\Projects\VSS\Typhoon22\";"ufSuppliersPrices.dfm"
"C:\Projects\VSS\Typhoon22\";"ufToDate.dfm"
"C:\Projects\VSS\Typhoon22\";"ufTransForm.dfm"
"C:\Projects\VSS\Typhoon22\";"ufTransList.dfm"
"C:\Projects\VSS\Typhoon22\";"ufTwoDates.dfm"
"C:\Projects\VSS\Typhoon22\";"ufUpdateIncorrectCostInGALots.dfm"
"C:\Projects\VSS\Typhoon22\";"ufUr_lica_journal.dfm"
"C:\Projects\VSS\Typhoon22\";"ufUr_lica_sprav_nal.dfm"
"C:\Projects\VSS\Typhoon22\";"ufUr_lico_Edit.dfm"
"C:\Projects\VSS\Typhoon22\";"ufUsrPerms.dfm"
"C:\Projects\VSS\Typhoon22\";"ufVibor_elem_ent.dfm"
"C:\Projects\VSS\Typhoon22\";"ufWebHelp.dfm"
"C:\Projects\VSS\Typhoon22\";"ufWorkCond.dfm"
"C:\Projects\VSS\Typhoon22\";"ufZakaz.dfm"
"C:\Projects\VSS\Typhoon22\";"ufZatr_incom.dfm"
"C:\Projects\VSS\Typhoon22\";"ufZatrforInc_All.dfm"
"C:\Projects\VSS\Typhoon22\";"ufZatrforinc.dfm"
"C:\Projects\VSS\Typhoon22\";"ufrmChangePrice.dfm"
"C:\Projects\VSS\Typhoon22\";"ufrmCustomPreview.dfm"
